{
  "R_base2ee": [
    [
      -0.11264012327463237,
      -0.9827450781291225,
      0.14671166975282018
    ],
    [
      -0.993253214664931,
      0.10726540484241308,
      -0.044070222166149316
    ],
    [
      0.027572707274697527,
      -0.15068591286838387,
      -0.9881970964724425
    ]
  ],
  "t_base2ee": [
    [
      82.8
    ],
    [
      -64.2
    ],
    [
      206.4
    ]
  ],
  "angles": [
    1.93,
    50.27,
    -114.25,
    -17.75,
    -2.81,
    8.08
  ],
  "pose_index": 0,
  "timestamp": "2025-07-28_16-23-33"
}