{
  "R_base2ee": [
    [
      -0.12417306860140892,
      -0.9875195295971945,
      0.09688254589060749
    ],
    [
      -0.9912782103606063,
      0.11911380937071703,
      -0.056386257913342876
    ],
    [
      0.04414248178776687,
      -0.10303921137767097,
      -0.9936973192176198
    ]
  ],
  "t_base2ee": [
    [
      83.6
    ],
    [
      -64.6
    ],
    [
      201.2
    ]
  ],
  "angles": [
    1.93,
    50.27,
    -114.25,
    -17.75,
    -2.81,
    8.08
  ],
  "pose_index": 0,
  "timestamp": "2025-07-28_16-49-22"
}