{
  "R_base2ee": [
    [
      -0.09409936791302895,
      -0.9885499110102611,
      0.11795924041792268
    ],
    [
      -0.9954673320977762,
      0.09506846861280667,
      0.0026032675143875103
    ],
    [
      -0.013787664214945474,
      -0.11717960452749727,
      -0.9930150253638035
    ]
  ],
  "t_base2ee": [
    [
      87.9
    ],
    [
      -61.6
    ],
    [
      189.1
    ]
  ],
  "angles": [
    2.02,
    50.18,
    -123.92,
    -9.49,
    -0.08,
    7.55
  ],
  "pose_index": 0,
  "timestamp": "2025-07-28_16-55-09"
}