{
  "R_base2ee": [
    [
      0.02180423996738894,
      -0.982704709509894,
      0.18389135114659294
    ],
    [
      -0.9992741705581976,
      -0.02716858106250347,
      -0.026702064681903708
    ],
    [
      0.031236311796864077,
      -0.18317565916388892,
      -0.9825838237601939
    ]
  ],
  "t_base2ee": [
    [
      83.7
    ],
    [
      -63.7
    ],
    [
      209.5
    ]
  ],
  "angles": [
    1.4,
    50.62,
    -114.25,
    -15.73,
    -1.84,
    0.08
  ],
  "pose_index": 1,
  "timestamp": "2025-07-28_16-23-53"
}