{
  "R_base2ee": [
    [
      -0.0034885883123316826,
      -0.9918509397613935,
      0.1273559698091436
    ],
    [
      -0.9994028746162593,
      0.007836204649522787,
      0.033652460615058694
    ],
    [
      -0.03437621212909214,
      -0.12716252274601675,
      -0.9912860176803284
    ]
  ],
  "t_base2ee": [
    [
      88.3
    ],
    [
      -60.1
    ],
    [
      190.0
    ]
  ],
  "angles": [
    2.02,
    50.18,
    -123.92,
    -8.87,
    1.66,
    2.46
  ],
  "pose_index": 1,
  "timestamp": "2025-07-28_16-55-23"
}