{
  "R_base2ee": [
    [
      -0.12004363939869254,
      -0.9808235218422405,
      0.15354069050548316
    ],
    [
      -0.9776769857378129,
      0.08993193334786337,
      -0.18989459950967513
    ],
    [
      0.17244487872517733,
      -0.17290883830880177,
      -0.9697243409527058
    ]
  ],
  "t_base2ee": [
    [
      83.3
    ],
    [
      -71.3
    ],
    [
      207.7
    ]
  ],
  "angles": [
    1.93,
    50.27,
    -114.25,
    -17.4,
    -11.25,
    7.2
  ],
  "pose_index": 2,
  "timestamp": "2025-07-28_16-24-52"
}