{
  "R_base2ee": [
    [
      0.07787754647058556,
      -0.9878684548902572,
      0.13435402334302343
    ],
    [
      -0.9961964755758049,
      -0.07182448200697895,
      0.04933382039507859
    ],
    [
      -0.03908541679535353,
      -0.13768500142413861,
      -0.9897045875294145
    ]
  ],
  "t_base2ee": [
    [
      88.7
    ],
    [
      -59.2
    ],
    [
      190.6
    ]
  ],
  "angles": [
    2.02,
    50.18,
    -123.92,
    -8.43,
    2.54,
    -1.93
  ],
  "pose_index": 2,
  "timestamp": "2025-07-28_16-55-35"
}