{
  "R_base2ee": [
    [
      -0.1112693717244721,
      -0.9704484925581971,
      0.2141234461883242
    ],
    [
      -0.9796389135079326,
      0.07087730953161239,
      -0.18784037408011467
    ],
    [
      0.16711291409414972,
      -0.23066454058888838,
      -0.9585755805662266
    ]
  ],
  "t_base2ee": [
    [
      85.4
    ],
    [
      -71.2
    ],
    [
      212.7
    ]
  ],
  "angles": [
    1.93,
    50.27,
    -114.25,
    -13.79,
    -11.25,
    6.06
  ],
  "pose_index": 3,
  "timestamp": "2025-07-28_16-25-01"
}