{
  "R_base2ee": [
    [
      0.10382949037673944,
      -0.9846795652668188,
      0.140091365451463
    ],
    [
      -0.9911997689272898,
      -0.09081484199175466,
      0.09631034499211304
    ],
    [
      -0.08211245341964743,
      -0.14885838310273772,
      -0.9854434163225431
    ]
  ],
  "t_base2ee": [
    [
      93.5
    ],
    [
      -51.2
    ],
    [
      191.7
    ]
  ],
  "angles": [
    5.97,
    49.74,
    -123.92,
    -7.2,
    4.65,
    0.61
  ],
  "pose_index": 3,
  "timestamp": "2025-07-28_16-55-54"
}