{
  "R_base2ee": [
    [
      -0.030477053918473097,
      -0.9876149507894904,
      0.15390860327325134
    ],
    [
      -0.9862435237087568,
      0.054741130175972895,
      0.1559715378188992
    ],
    [
      -0.16246495353455648,
      -0.14703781025345072,
      -0.9756971975100085
    ]
  ],
  "t_base2ee": [
    [
      93.2
    ],
    [
      -48.4
    ],
    [
      193.8
    ]
  ],
  "angles": [
    5.97,
    50.0,
    -123.92,
    -6.24,
    7.99,
    9.14
  ],
  "pose_index": 4,
  "timestamp": "2025-07-28_16-56-06"
}