{
  "R_base2ee": [
    [
      -0.14889699752188115,
      -0.9798976905410719,
      0.1327787641200301
    ],
    [
      -0.9551987357155373,
      0.10779440337695079,
      -0.27563697482022675
    ],
    [
      0.2557832273946203,
      -0.1678716255740704,
      -0.9520472981478971
    ]
  ],
  "t_base2ee": [
    [
      82.5
    ],
    [
      -75.4
    ],
    [
      207.0
    ]
  ],
  "angles": [
    1.93,
    50.27,
    -114.25,
    -18.45,
    -16.25,
    8.52
  ],
  "pose_index": 4,
  "timestamp": "2025-07-28_16-25-15"
}