{
  "R_base2ee": [
    [
      -0.10153249345017722,
      -0.9861013170766437,
      0.13151176842206241
    ],
    [
      -0.9943897961743534,
      0.0966545613585376,
      -0.0429747487824692
    ],
    [
      0.029666244085110757,
      -0.13513729399502247,
      -0.9903826663131707
    ]
  ],
  "t_base2ee": [
    [
      138.2
    ],
    [
      -62.3
    ],
    [
      141.1
    ]
  ],
  "angles": [
    1.93,
    9.05,
    -138.07,
    46.49,
    -2.72,
    7.55
  ],
  "pose_index": 5,
  "timestamp": "2025-07-28_16-25-38"
}