{
  "R_base2ee": [
    [
      -0.09425817479209554,
      -0.9839932277541175,
      0.15123731093515352
    ],
    [
      -0.9952932071930813,
      0.08970506518447256,
      -0.03666651054517798
    ],
    [
      0.022512845226067772,
      -0.1539815866078898,
      -0.987817211221562
    ]
  ],
  "t_base2ee": [
    [
      93.3
    ],
    [
      -57.8
    ],
    [
      191.5
    ]
  ],
  "angles": [
    5.88,
    50.18,
    -123.92,
    -7.82,
    -2.98,
    10.81
  ],
  "pose_index": 5,
  "timestamp": "2025-07-28_16-56-19"
}