{
  "R_base2ee": [
    [
      -0.10566791479056088,
      -0.9828499745092858,
      0.15112980973623646
    ],
    [
      -0.992036733143409,
      0.09371700875891369,
      -0.0841441760517893
    ],
    [
      0.06853766758482213,
      -0.15881766235648342,
      -0.9849261587782379
    ]
  ],
  "t_base2ee": [
    [
      94.0
    ],
    [
      -59.9
    ],
    [
      191.2
    ]
  ],
  "angles": [
    5.97,
    49.83,
    -123.92,
    -7.64,
    -5.71,
    11.25
  ],
  "pose_index": 6,
  "timestamp": "2025-07-28_16-56-28"
}