{
  "R_base2ee": [
    [
      -0.10974172837430857,
      -0.9784903406079786,
      0.17468087013265554
    ],
    [
      -0.9924400388844705,
      0.09815275595667944,
      -0.0736804296750447
    ],
    [
      0.054950179912445746,
      -0.18144610724672688,
      -0.9818644447644488
    ]
  ],
  "t_base2ee": [
    [
      139.8
    ],
    [
      -63.8
    ],
    [
      144.7
    ]
  ],
  "angles": [
    1.93,
    9.05,
    -138.07,
    48.95,
    -4.57,
    7.64
  ],
  "pose_index": 6,
  "timestamp": "2025-07-28_16-26-00"
}