{
  "R_base2ee": [
    [
      -0.13709857582911691,
      -0.9849925309084592,
      0.10485082050311219
    ],
    [
      -0.9905558713846094,
      0.13614164992100103,
      -0.016263973138951185
    ],
    [
      0.0017453283658983088,
      -0.1060903634235248,
      -0.9943549610765562
    ]
  ],
  "t_base2ee": [
    [
      137.2
    ],
    [
      -60.9
    ],
    [
      139.0
    ]
  ],
  "angles": [
    1.93,
    8.96,
    -138.07,
    45.08,
    -1.14,
    9.75
  ],
  "pose_index": 7,
  "timestamp": "2025-07-28_16-27-56"
}