{
  "R_base2ee": [
    [
      -0.1896732742279209,
      -0.9758101394329314,
      0.10871348041316203
    ],
    [
      -0.9812694883211294,
      0.18459815432237658,
      -0.05507914951014805
    ],
    [
      0.0336784847291133,
      -0.11712426392791157,
      -0.9925460525666786
    ]
  ],
  "t_base2ee": [
    [
      91.4
    ],
    [
      -58.7
    ],
    [
      188.0
    ]
  ],
  "angles": [
    5.71,
    50.27,
    -123.92,
    -10.89,
    -3.77,
    16.69
  ],
  "pose_index": 7,
  "timestamp": "2025-07-28_16-56-42"
}