{
  "R_base2ee": [
    [
      -0.21669176221461353,
      -0.9723933737548532,
      0.08657832792321445
    ],
    [
      -0.9750171178903686,
      0.21112983743631422,
      -0.06903485760740395
    ],
    [
      0.04884976979561326,
      -0.09937463671264306,
      -0.9938502812643089
    ]
  ],
  "t_base2ee": [
    [
      136.5
    ],
    [
      -63.5
    ],
    [
      137.5
    ]
  ],
  "angles": [
    1.93,
    8.96,
    -138.07,
    43.94,
    -4.13,
    13.97
  ],
  "pose_index": 8,
  "timestamp": "2025-07-28_16-28-12"
}