{
  "R_base2ee": [
    [
      -0.294946262475675,
      -0.9496067384001492,
      0.1060836680958041
    ],
    [
      -0.9516413504409946,
      0.2819495656418271,
      -0.12199664981148109
    ],
    [
      0.08593859658192202,
      -0.13693606106287537,
      -0.9868450095116832
    ]
  ],
  "t_base2ee": [
    [
      90.8
    ],
    [
      -62.7
    ],
    [
      187.7
    ]
  ],
  "angles": [
    5.36,
    50.27,
    -123.92,
    -10.81,
    -7.55,
    21.97
  ],
  "pose_index": 8,
  "timestamp": "2025-07-28_16-56-54"
}