{
  "R_base2ee": [
    [
      -0.11513968011036858,
      -0.9805557300929687,
      0.15891291403132496
    ],
    [
      -0.9875741958632382,
      0.09577059056175474,
      -0.12460016712882428
    ],
    [
      0.10695822422404085,
      -0.17128471667168096,
      -0.9793985318069156
    ]
  ],
  "t_base2ee": [
    [
      139.3
    ],
    [
      -66.2
    ],
    [
      143.5
    ]
  ],
  "angles": [
    1.93,
    8.96,
    -138.07,
    47.72,
    -8.08,
    7.2
  ],
  "pose_index": 9,
  "timestamp": "2025-07-28_16-29-00"
}