{
  "R_base2ee": [
    [
      0.031204648909488108,
      -0.9886355837267895,
      0.14705765017715194
    ],
    [
      -0.9984988655902629,
      -0.03745988614655486,
      -0.03995963394283201
    ],
    [
      0.04501427886119656,
      -0.1455899705305182,
      -0.9883204314287595
    ]
  ],
  "t_base2ee": [
    [
      93.2
    ],
    [
      -57.9
    ],
    [
      191.1
    ]
  ],
  "angles": [
    5.97,
    50.27,
    -123.92,
    -8.26,
    -3.16,
    3.95
  ],
  "pose_index": 9,
  "timestamp": "2025-07-28_16-57-04"
}