{
  "R_base2ee": [
    [
      -0.034896506777952516,
      -0.9821559110042616,
      0.18480259818001848
    ],
    [
      -0.9993052067824298,
      0.03671369716401034,
      0.006419356515600706
    ],
    [
      -0.013089595571344441,
      -0.1844501854700569,
      -0.9827546955206269
    ]
  ],
  "t_base2ee": [
    [
      93.9
    ],
    [
      -56.6
    ],
    [
      194.5
    ]
  ],
  "angles": [
    5.36,
    50.18,
    -123.92,
    -5.62,
    -0.61,
    7.47
  ],
  "pose_index": 10,
  "timestamp": "2025-07-28_16-57-11"
}