{
  "R_base2ee": [
    [
      -0.10236139996296705,
      -0.9868631199408271,
      0.1249933050138214
    ],
    [
      -0.9922244456746571,
      0.11023592718706786,
      0.05778139633850126
    ],
    [
      -0.07080108193552542,
      -0.11810682815935823,
      -0.9904736159731338
    ]
  ],
  "t_base2ee": [
    [
      138.0
    ],
    [
      -57.3
    ],
    [
      140.8
    ]
  ],
  "angles": [
    1.93,
    8.96,
    -138.07,
    47.02,
    3.07,
    7.99
  ],
  "pose_index": 10,
  "timestamp": "2025-07-28_16-29-14"
}