{
  "R_base2ee": [
    [
      -0.05493258420698491,
      -0.9695856088496027,
      0.23850819336888152
    ],
    [
      -0.9981693692878156,
      0.059378869307801056,
      0.011491740307345493
    ],
    [
      -0.02530457286552966,
      -0.23744030195287477,
      -0.971072490394317
    ]
  ],
  "t_base2ee": [
    [
      95.7
    ],
    [
      -56.4
    ],
    [
      199.0
    ]
  ],
  "angles": [
    5.36,
    50.18,
    -123.92,
    -2.02,
    -0.61,
    8.52
  ],
  "pose_index": 11,
  "timestamp": "2025-07-28_16-57-17"
}