{
  "R_base2ee": [
    [
      -0.11961153113402782,
      -0.9876544357808957,
      0.1011523460039053
    ],
    [
      -0.9884164329990911,
      0.12804736960388113,
      0.08146671783544598
    ],
    [
      -0.09341325707375057,
      -0.09023628216990844,
      -0.991529816386288
    ]
  ],
  "t_base2ee": [
    [
      137.1
    ],
    [
      -56.2
    ],
    [
      139.0
    ]
  ],
  "angles": [
    1.93,
    8.87,
    -138.07,
    45.61,
    4.48,
    9.31
  ],
  "pose_index": 11,
  "timestamp": "2025-07-28_16-29-51"
}