{
  "R_base2ee": [
    [
      -0.1065051368231829,
      -0.9808563855948575,
      0.16302578528584674
    ],
    [
      -0.9884294587866951,
      0.12225092668606691,
      0.08978817253424222
    ],
    [
      -0.10799935570602284,
      -0.15157658711750246,
      -0.9825276980344595
    ]
  ],
  "t_base2ee": [
    [
      139.4
    ],
    [
      -55.8
    ],
    [
      144.1
    ]
  ],
  "angles": [
    1.93,
    8.96,
    -138.07,
    48.77,
    4.83,
    8.96
  ],
  "pose_index": 12,
  "timestamp": "2025-07-28_16-30-16"
}