{
  "R_base2ee": [
    [
      -0.0493721043240105,
      -0.9926057432647866,
      0.11088838420853574
    ],
    [
      -0.9987676292353393,
      0.049628869188323786,
      -0.0004451232501684698
    ],
    [
      -0.005061433219812096,
      -0.11077370527724104,
      -0.9938327666730014
    ]
  ],
  "t_base2ee": [
    [
      91.1
    ],
    [
      -56.8
    ],
    [
      188.5
    ]
  ],
  "angles": [
    5.36,
    50.18,
    -123.92,
    -9.75,
    -0.61,
    8.26
  ],
  "pose_index": 12,
  "timestamp": "2025-07-28_16-57-27"
}