{
  "R_base2ee": [
    [
      -0.046234719419448386,
      -0.9964879025576289,
      0.06981554824322743
    ],
    [
      -0.9989302223763423,
      0.0460605872523479,
      -0.004102819167367051
    ],
    [
      0.0008726645152351496,
      -0.06993055382496538,
      -0.9975514804251344
    ]
  ],
  "t_base2ee": [
    [
      89.2
    ],
    [
      -57.0
    ],
    [
      185.3
    ]
  ],
  "angles": [
    5.36,
    50.27,
    -123.92,
    -12.39,
    -0.61,
    7.99
  ],
  "pose_index": 13,
  "timestamp": "2025-07-28_16-57-36"
}