{
  "R_base2ee": [
    [
      -0.02860408631265573,
      -0.9928329234914478,
      0.11603702976913552
    ],
    [
      -0.9990523273416101,
      0.02458553544638731,
      -0.03591655161797513
    ],
    [
      0.032806302436123154,
      -0.11695442479119605,
      -0.9925952896534569
    ]
  ],
  "t_base2ee": [
    [
      114.7
    ],
    [
      -62.7
    ],
    [
      197.1
    ]
  ],
  "angles": [
    1.93,
    33.39,
    -115.22,
    -1.93,
    -2.28,
    4.21
  ],
  "pose_index": 13,
  "timestamp": "2025-07-28_16-31-52"
}