{
  "R_base2ee": [
    [
      -0.08051145979973996,
      -0.9966859715984708,
      0.011618040270498996
    ],
    [
      -0.9919995784084698,
      0.07898495366625922,
      -0.098479508181941
    ],
    [
      0.09723549392239933,
      -0.019453820014356138,
      -0.9950712575532047
    ]
  ],
  "t_base2ee": [
    [
      123.4
    ],
    [
      -28.7
    ],
    [
      187.0
    ]
  ],
  "angles": [
    20.3,
    33.48,
    -115.22,
    -8.7,
    -5.53,
    24.69
  ],
  "pose_index": 14,
  "timestamp": "2025-07-28_16-32-10"
}