{
  "R_base2ee": [
    [
      -0.138939102567245,
      -0.9810508308187736,
      0.13503774704726948
    ],
    [
      -0.9823819000078863,
      0.11933047689473734,
      -0.1438264225410957
    ],
    [
      0.12498691257369239,
      -0.15264175259039814,
      -0.9803462485527386
    ]
  ],
  "t_base2ee": [
    [
      92.0
    ],
    [
      -63.8
    ],
    [
      190.1
    ]
  ],
  "angles": [
    5.36,
    50.27,
    -123.92,
    -9.22,
    -8.96,
    12.3
  ],
  "pose_index": 14,
  "timestamp": "2025-07-28_16-57-53"
}