{
  "R_base2ee": [
    [
      -0.1912013008784777,
      -0.9768419810761151,
      0.09603023768411965
    ],
    [
      -0.9727636884477843,
      0.17551872949730016,
      -0.15140667763713606
    ],
    [
      0.1310452936195723,
      -0.12236388193803038,
      -0.983795817950664
    ]
  ],
  "t_base2ee": [
    [
      127.4
    ],
    [
      -90.4
    ],
    [
      185.1
    ]
  ],
  "angles": [
    -8.26,
    18.19,
    -115.22,
    14.32,
    -7.82,
    2.63
  ],
  "pose_index": 15,
  "timestamp": "2025-07-28_16-32-28"
}