{
  "R_base2ee": [
    [
      -0.16338109372567097,
      -0.9596503540700686,
      0.22886200240799115
    ],
    [
      -0.9773748033858415,
      0.12585739584663727,
      -0.16999532233914724
    ],
    [
      0.1343320956417015,
      -0.2514579762980182,
      -0.9585007951152748
    ]
  ],
  "t_base2ee": [
    [
      95.9
    ],
    [
      -64.7
    ],
    [
      197.9
    ]
  ],
  "angles": [
    5.8,
    50.18,
    -123.92,
    -3.86,
    -11.07,
    13.0
  ],
  "pose_index": 15,
  "timestamp": "2025-07-28_16-58-05"
}