{
  "R_base2ee": [
    [
      -0.049465691023630444,
      -0.981001468848175,
      0.18758801542016962
    ],
    [
      -0.9832597097366151,
      0.08080799918204831,
      0.16331077881408007
    ],
    [
      -0.1753667260919871,
      -0.17636945706645793,
      -0.9685764430306266
    ]
  ],
  "t_base2ee": [
    [
      93.8
    ],
    [
      -49.0
    ],
    [
      196.6
    ]
  ],
  "angles": [
    5.36,
    50.18,
    -123.92,
    -4.48,
    8.34,
    9.93
  ],
  "pose_index": 16,
  "timestamp": "2025-07-28_16-58-16"
}