{
  "R_base2ee": [
    [
      -0.09480037445772156,
      -0.9844135916983036,
      -0.14813092007518736
    ],
    [
      -0.984539532089226,
      0.07069689228885752,
      0.16026184565961374
    ],
    [
      -0.14729154339677467,
      0.16103362971858842,
      -0.9758961888149029
    ]
  ],
  "t_base2ee": [
    [
      157.6
    ],
    [
      -81.1
    ],
    [
      206.0
    ]
  ],
  "angles": [
    -8.17,
    -5.71,
    -69.25,
    -24.6,
    8.17,
    -4.65
  ],
  "pose_index": 16,
  "timestamp": "2025-07-28_16-32-51"
}