{
  "R_base2ee": [
    [
      -0.026804483856041818,
      -0.9955184108707608,
      0.0906896535585316
    ],
    [
      -0.9779613986565845,
      0.044906555564345,
      0.20389924964306108
    ],
    [
      -0.20705801694903805,
      -0.0832255662924662,
      -0.9747822745272045
    ]
  ],
  "t_base2ee": [
    [
      90.5
    ],
    [
      -46.1
    ],
    [
      189.7
    ]
  ],
  "angles": [
    5.88,
    50.27,
    -123.92,
    -9.93,
    11.16,
    8.78
  ],
  "pose_index": 17,
  "timestamp": "2025-07-28_16-58-27"
}