{
  "R_base2ee": [
    [
      -0.11525330306738446,
      -0.9813717094911062,
      -0.1537083079815834
    ],
    [
      -0.9840689573859649,
      0.09171526095779693,
      0.15230429415070074
    ],
    [
      -0.13536972793559715,
      0.16881314734921235,
      -0.9763079217340682
    ]
  ],
  "t_base2ee": [
    [
      156.6
    ],
    [
      -81.9
    ],
    [
      205.9
    ]
  ],
  "angles": [
    -8.26,
    -5.36,
    -69.25,
    -25.75,
    7.38,
    -2.72
  ],
  "pose_index": 17,
  "timestamp": "2025-07-28_16-33-05"
}