{
  "R_base2ee": [
    [
      -0.17425267404349634,
      -0.9677125112663256,
      -0.18212221481003546
    ],
    [
      -0.9636299112501432,
      0.20563848294272147,
      -0.17067574073973482
    ],
    [
      0.2026163856471932,
      0.1457577094758207,
      -0.9683497768862397
    ]
  ],
  "t_base2ee": [
    [
      175.2
    ],
    [
      -38.3
    ],
    [
      203.4
    ]
  ],
  "angles": [
    10.98,
    -5.62,
    -69.25,
    -27.24,
    -7.64,
    23.29
  ],
  "pose_index": 18,
  "timestamp": "2025-07-28_16-33-28"
}