{
  "R_base2ee": [
    [
      -0.08593830207516294,
      -0.9846972536557175,
      0.1516111040766
    ],
    [
      -0.9962970211539085,
      0.08533701586358186,
      -0.01048042763189244
    ],
    [
      -0.0026179908874179934,
      -0.15195036152107821,
      -0.9883846588031033
    ]
  ],
  "t_base2ee": [
    [
      93.7
    ],
    [
      -56.4
    ],
    [
      216.6
    ]
  ],
  "angles": [
    5.97,
    44.82,
    -107.4,
    -18.98,
    -1.49,
    10.81
  ],
  "pose_index": 18,
  "timestamp": "2025-07-28_16-58-41"
}