{
  "R_base2ee": [
    [
      -0.1810277912766317,
      -0.977784641318769,
      -0.1056699294342078
    ],
    [
      -0.9589799085583149,
      0.19932878028554876,
      -0.2015578634818334
    ],
    [
      0.21814324139654254,
      0.06484776442562702,
      -0.9737598747545558
    ]
  ],
  "t_base2ee": [
    [
      179.7
    ],
    [
      -40.5
    ],
    [
      208.2
    ]
  ],
  "angles": [
    10.54,
    -5.62,
    -69.25,
    -24.16,
    -10.28,
    23.73
  ],
  "pose_index": 19,
  "timestamp": "2025-07-28_16-33-36"
}