{
  "R_base2ee": [
    [
      -0.10065820798576422,
      -0.9863052439646454,
      0.13065179253625261
    ],
    [
      -0.9944140233063834,
      0.09554374526568313,
      -0.04485691688265827
    ],
    [
      0.03175965076486348,
      -0.13443719153734066,
      -0.990413028041759
    ]
  ],
  "t_base2ee": [
    [
      105.9
    ],
    [
      -56.7
    ],
    [
      141.4
    ]
  ],
  "angles": [
    5.97,
    37.44,
    -151.08,
    30.84,
    -3.33,
    11.51
  ],
  "pose_index": 19,
  "timestamp": "2025-07-28_16-59-09"
}