{
  "R_base2ee": [
    [
      -0.10269607120657753,
      -0.9899252786807377,
      -0.0974754306869051
    ],
    [
      -0.9721909047488854,
      0.12062229070556962,
      -0.20073641350907132
    ],
    [
      0.21047175982130567,
      0.07414988613480897,
      -0.9747837876698183
    ]
  ],
  "t_base2ee": [
    [
      180.3
    ],
    [
      -39.6
    ],
    [
      208.7
    ]
  ],
  "angles": [
    10.98,
    -5.62,
    -69.25,
    -22.67,
    -10.28,
    18.1
  ],
  "pose_index": 20,
  "timestamp": "2025-07-28_16-33-42"
}