{
  "R_base2ee": [
    [
      -0.21967416815228483,
      -0.9606580049139711,
      0.16993956996918158
    ],
    [
      -0.9755650391807054,
      0.21703056238995344,
      -0.03421387608923114
    ],
    [
      -0.004014246498463718,
      -0.17330300800450407,
      -0.9848603724597921
    ]
  ],
  "t_base2ee": [
    [
      74.1
    ],
    [
      -60.6
    ],
    [
      138.5
    ]
  ],
  "angles": [
    5.09,
    75.05,
    -156.35,
    0.87,
    -2.81,
    17.57
  ],
  "pose_index": 20,
  "timestamp": "2025-07-28_17-00-19"
}