{
  "R_base2ee": [
    [
      -0.03226809552365174,
      -0.9869166908614482,
      0.1579690327575791
    ],
    [
      -0.9990179146528121,
      0.02704622660123625,
      -0.03509569531126567
    ],
    [
      0.030364061224136367,
      -0.15894636493397132,
      -0.986820184663981
    ]
  ],
  "t_base2ee": [
    [
      74.1
    ],
    [
      -60.6
    ],
    [
      137.6
    ]
  ],
  "angles": [
    5.09,
    74.53,
    -156.35,
    0.87,
    -2.81,
    6.5
  ],
  "pose_index": 21,
  "timestamp": "2025-07-28_17-00-27"
}