{
  "R_base2ee": [
    [
      -0.11296700327273512,
      -0.9912112209343334,
      -0.06883873666363934
    ],
    [
      -0.9930395726985738,
      0.110308106384647,
      0.041285938531991744
    ],
    [
      -0.03332961485243795,
      0.07302353839483151,
      -0.9967731435056257
    ]
  ],
  "t_base2ee": [
    [
      182.4
    ],
    [
      -27.7
    ],
    [
      213.1
    ]
  ],
  "angles": [
    10.72,
    -5.71,
    -69.25,
    -18.36,
    2.1,
    17.4
  ],
  "pose_index": 21,
  "timestamp": "2025-07-28_16-33-50"
}