{
  "R_base2ee": [
    [
      -0.3070236396856681,
      -0.9326357076095295,
      0.1895445107773824
    ],
    [
      -0.9516991839066611,
      0.30039712153955206,
      -0.06348411393527388
    ],
    [
      0.0022689260808398757,
      -0.19988047994344957,
      -0.9798176594203719
    ]
  ],
  "t_base2ee": [
    [
      55.1
    ],
    [
      -90.7
    ],
    [
      162.3
    ]
  ],
  "angles": [
    -21.62,
    57.04,
    -144.58,
    9.05,
    0.61,
    -3.6
  ],
  "pose_index": 22,
  "timestamp": "2025-07-28_17-01-18"
}