{
  "R_base2ee": [
    [
      -0.12189598075052761,
      -0.989038615958114,
      -0.08333058274442327
    ],
    [
      -0.9828347676249068,
      0.10856373978922053,
      0.14916344709972942
    ],
    [
      -0.13848172956950808,
      0.10008261860401428,
      -0.9852950218228047
    ]
  ],
  "t_base2ee": [
    [
      181.5
    ],
    [
      -23.9
    ],
    [
      214.0
    ]
  ],
  "angles": [
    10.54,
    -5.71,
    -69.25,
    -17.66,
    9.31,
    16.52
  ],
  "pose_index": 22,
  "timestamp": "2025-07-28_16-33-56"
}