{
  "R_base2ee": [
    [
      -0.2767721874562599,
      -0.9395484095254059,
      0.20160838873657344
    ],
    [
      -0.9595282539192365,
      0.2588652887803657,
      -0.11087962930745818
    ],
    [
      0.0519873655937516,
      -0.22413734276763936,
      -0.9731699570967465
    ]
  ],
  "t_base2ee": [
    [
      41.8
    ],
    [
      -87.1
    ],
    [
      159.5
    ]
  ],
  "angles": [
    -21.35,
    72.15,
    -147.21,
    -0.61,
    -2.81,
    -4.48
  ],
  "pose_index": 23,
  "timestamp": "2025-07-28_17-01-30"
}