{
  "R_base2ee": [
    [
      -0.10660988123369579,
      -0.9700129539496745,
      -0.21842436309433105
    ],
    [
      -0.9942889174720505,
      0.10508413565892501,
      0.018624527512785902
    ],
    [
      0.0048869024540245404,
      0.21916248219675633,
      -0.9756761371386312
    ]
  ],
  "t_base2ee": [
    [
      173.4
    ],
    [
      -30.5
    ],
    [
      203.0
    ]
  ],
  "angles": [
    10.54,
    -5.71,
    -69.25,
    -26.98,
    3.33,
    16.61
  ],
  "pose_index": 23,
  "timestamp": "2025-07-28_16-34-07"
}