{
  "R_base2ee": [
    [
      -0.1312283537168035,
      -0.9701790253839503,
      -0.20379346870257142
    ],
    [
      -0.9718632926546916,
      0.166462180555919,
      -0.1666495809624194
    ],
    [
      0.19560383322204822,
      0.17619024135750846,
      -0.9647259399846281
    ]
  ],
  "t_base2ee": [
    [
      173.5
    ],
    [
      -39.9
    ],
    [
      202.2
    ]
  ],
  "angles": [
    10.45,
    -5.36,
    -69.25,
    -28.65,
    -7.29,
    20.39
  ],
  "pose_index": 24,
  "timestamp": "2025-07-28_16-34-19"
}