{
  "R_base2ee": [
    [
      0.06747303455686274,
      -0.9946235859028535,
      0.0785576983715627
    ],
    [
      -0.997426164558598,
      -0.0653293309374968,
      0.02954868479617204
    ],
    [
      -0.02425769695607789,
      -0.08034924321366099,
      -0.9964715566705249
    ]
  ],
  "t_base2ee": [
    [
      93.1
    ],
    [
      -46.8
    ],
    [
      148.4
    ]
  ],
  "angles": [
    10.89,
    55.1,
    -147.21,
    6.59,
    0.79,
    7.29
  ],
  "pose_index": 24,
  "timestamp": "2025-07-28_17-01-50"
}