{
  "color_intrinsics": {
    "width": 848,
    "height": 480,
    "fx": 425.4894104003906,
    "fy": 424.91082763671875,
    "ppx": 427.1853942871094,
    "ppy": 245.99588012695312,
    "distortion_model": "distortion.inverse_brown_conrady",
    "distortion_coeffs": [
      -0.05594644322991371,
      0.06878077983856201,
      -0.00011232726683374494,
      0.000743341923225671,
      -0.022005939856171608
    ]
  },
  "depth_intrinsics": {
    "width": 848,
    "height": 480,
    "fx": 425.4894104003906,
    "fy": 424.91082763671875,
    "ppx": 427.1853942871094,
    "ppy": 245.99588012695312,
    "distortion_model": "distortion.inverse_brown_conrady",
    "distortion_coeffs": [
      -0.05594644322991371,
      0.06878077983856201,
      -0.00011232726683374494,
      0.000743341923225671,
      -0.022005939856171608
    ]
  },
  "extrinsics": {
    "rotation_matrix": [
      0.9999998211860657,
      0.0002253435959573835,
      -0.0005724799702875316,
      -0.0002267528761876747,
      0.9999969601631165,
      -0.0024628406390547752,
      0.0005719232140108943,
      0.002462970092892647,
      0.9999967813491821
    ],
    "translation_vector": [
      -0.059096693992614746,
      -7.364591147052124e-05,
      0.0002346979163121432
    ]
  }
}