{
  "rvec": [
    [
      -0.23517205044713885
    ],
    [
      -1.5605625764453182
    ],
    [
      -0.2598775604738131
    ]
  ],
  "tvec": [
    [
      -0.03758132298398431
    ],
    [
      -0.06731734325754196
    ],
    [
      0.19555516800688721
    ]
  ],
  "pose_index": 0,
  "timestamp": "2025-07-29_20-38-18",
  "charuco_corners_count": 72,
  "charuco_ids_count": 72,
  "distance_mm": 210.20419661529635,
  "quality_score": 1.5283964029011745,
  "detection_method": "charuco_corners"
}