{
  "rvec": [
    [
      0.5303298616749725
    ],
    [
      0.10508662809913526
    ],
    [
      -0.4415595713457916
    ]
  ],
  "tvec": [
    [
      -0.21827665215406591
    ],
    [
      -0.1350781294565081
    ],
    [
      0.24314353880471107
    ]
  ],
  "pose_index": 2,
  "timestamp": "2025-07-29_17-08-23",
  "charuco_corners_count": 26,
  "charuco_ids_count": 26,
  "distance_mm": 353.56693623065814,
  "quality_score": 0.933599537968542,
  "reprojection_error_pixels": 0.8759718537330627,
  "detection_method": "charuco_corners"
}