{
  "rvec": [
    [
      -0.18502965400832425
    ],
    [
      0.9116915199407892
    ],
    [
      -1.9371970962845897
    ]
  ],
  "tvec": [
    [
      0.22347989455486125
    ],
    [
      0.0038428146601446
    ],
    [
      0.35978040762916313
    ]
  ],
  "pose_index": 3,
  "timestamp": "2025-07-29_17-09-08",
  "charuco_corners_count": 33,
  "charuco_ids_count": 33,
  "distance_mm": 423.5563388837085,
  "quality_score": 0.9411912268725089,
  "reprojection_error_pixels": 0.8139205574989319,
  "detection_method": "charuco_corners"
}