{
  "rvec": [
    [
      0.5708430368599927
    ],
    [
      0.31507305583959394
    ],
    [
      -0.6773545791385372
    ]
  ],
  "tvec": [
    [
      -0.16034432795874828
    ],
    [
      -0.07701013980435452
    ],
    [
      0.26333970745961616
    ]
  ],
  "pose_index": 4,
  "timestamp": "2025-07-29_17-09-46",
  "charuco_corners_count": 34,
  "charuco_ids_count": 34,
  "distance_mm": 317.78714049839255,
  "quality_score": 1.0685363351081762,
  "reprojection_error_pixels": 0.9139845967292786,
  "detection_method": "charuco_corners"
}