{
  "rvec": [
    [
      -0.48245338559001105
    ],
    [
      -0.10356062265566807
    ],
    [
      0.8599823466805585
    ]
  ],
  "tvec": [
    [
      -0.08855423778266543
    ],
    [
      0.049207329860508804
    ],
    [
      0.341593528920771
    ]
  ],
  "pose_index": 5,
  "timestamp": "2025-07-29_17-11-01",
  "charuco_corners_count": 27,
  "charuco_ids_count": 27,
  "distance_mm": 356.29952756327845,
  "quality_score": 0.9551363119925738,
  "reprojection_error_pixels": 0.7443355917930603,
  "detection_method": "charuco_corners"
}