{
  "rvec": [
    [
      -0.04358633443992499
    ],
    [
      -0.01653236735258357
    ],
    [
      0.5747588076917495
    ]
  ],
  "tvec": [
    [
      -0.0615484535224232
    ],
    [
      -0.03884615547223287
    ],
    [
      0.1571577597865993
    ]
  ],
  "pose_index": 6,
  "timestamp": "2025-07-29_17-11-46",
  "charuco_corners_count": 28,
  "charuco_ids_count": 28,
  "distance_mm": 173.19294843358148,
  "quality_score": 1.1930955241516994,
  "reprojection_error_pixels": 0.6566087603569031,
  "detection_method": "charuco_corners"
}