{
  "rvec": [
    [
      -0.034808881716188136
    ],
    [
      -0.04279803700315252
    ],
    [
      0.7638360526997823
    ]
  ],
  "tvec": [
    [
      -0.04233891059601004
    ],
    [
      -0.0496232600033898
    ],
    [
      0.15494513555591546
    ]
  ],
  "pose_index": 7,
  "timestamp": "2025-07-29_17-11-55",
  "charuco_corners_count": 30,
  "charuco_ids_count": 30,
  "distance_mm": 168.11616911011853,
  "quality_score": 1.2262465290054567,
  "reprojection_error_pixels": 0.8742361068725586,
  "detection_method": "charuco_corners"
}