{
  "rvec": [
    [
      -0.07271675042409646
    ],
    [
      0.05433898762668236
    ],
    [
      1.0760776521302333
    ]
  ],
  "tvec": [
    [
      0.013553937935628908
    ],
    [
      -0.03189724190051627
    ],
    [
      0.1656341134417767
    ]
  ],
  "pose_index": 8,
  "timestamp": "2025-07-29_17-12-19",
  "charuco_corners_count": 23,
  "charuco_ids_count": 23,
  "distance_mm": 169.22116537261607,
  "quality_score": 1.115315093817126,
  "reprojection_error_pixels": 0.6413547992706299,
  "detection_method": "charuco_corners"
}