{
  "rvec": [
    [
      -0.03864458470340248
    ],
    [
      -0.0023628912417142855
    ],
    [
      0.22538052745554413
    ]
  ],
  "tvec": [
    [
      0.015839770206816386
    ],
    [
      -0.020323977473398577
    ],
    [
      0.14248105839546066
    ]
  ],
  "pose_index": 9,
  "timestamp": "2025-07-29_17-12-43",
  "charuco_corners_count": 18,
  "charuco_ids_count": 18,
  "distance_mm": 144.79231465113963,
  "quality_score": 0.6640970295928523,
  "reprojection_error_pixels": 0.7390708923339844,
  "detection_method": "charuco_corners"
}