{
  "rvec": [
    [
      0.015091510750349993
    ],
    [
      -0.16962052020314536
    ],
    [
      0.17004650520026215
    ]
  ],
  "tvec": [
    [
      -0.0238906857754173
    ],
    [
      -0.03539336584073081
    ],
    [
      0.12318986161061415
    ]
  ],
  "pose_index": 10,
  "timestamp": "2025-07-29_17-13-09",
  "charuco_corners_count": 29,
  "charuco_ids_count": 29,
  "distance_mm": 130.38096953159157,
  "quality_score": 0.8090129465056575,
  "reprojection_error_pixels": 0.8294753432273865,
  "detection_method": "charuco_corners"
}