{
  "rvec": [
    [
      -0.22205620605959223
    ],
    [
      -0.07400167644973682
    ],
    [
      0.351254615344538
    ]
  ],
  "tvec": [
    [
      0.0011727000637227426
    ],
    [
      0.0019613311066761703
    ],
    [
      0.11905035347998232
    ]
  ],
  "pose_index": 11,
  "timestamp": "2025-07-29_17-13-32",
  "charuco_corners_count": 9,
  "charuco_ids_count": 9,
  "distance_mm": 119.07228354599658,
  "quality_score": 0.2644224676588713,
  "reprojection_error_pixels": 0.786392331123352,
  "detection_method": "charuco_corners"
}