{
  "rvec": [
    [
      -0.13207961967545379
    ],
    [
      0.1109901233782161
    ],
    [
      0.05640749702537693
    ]
  ],
  "tvec": [
    [
      -0.08907084029283985
    ],
    [
      -0.00382145196000294
    ],
    [
      0.1493528543096114
    ]
  ],
  "pose_index": 12,
  "timestamp": "2025-07-29_17-14-31",
  "charuco_corners_count": 25,
  "charuco_ids_count": 25,
  "distance_mm": 173.93818780240068,
  "quality_score": 1.1281256414088248,
  "reprojection_error_pixels": 0.8550443649291992,
  "detection_method": "charuco_corners"
}