{
  "rvec": [
    [
      -0.0887580751767106
    ],
    [
      0.030093489775449428
    ],
    [
      0.10172681986359108
    ]
  ],
  "tvec": [
    [
      -0.10202894569276995
    ],
    [
      -0.016255974475319478
    ],
    [
      0.13379932734640076
    ]
  ],
  "pose_index": 13,
  "timestamp": "2025-07-29_17-14-44",
  "charuco_corners_count": 26,
  "charuco_ids_count": 26,
  "distance_mm": 169.04562243273188,
  "quality_score": 1.1593618553150242,
  "reprojection_error_pixels": 0.8673403263092041,
  "detection_method": "charuco_corners"
}