{
  "rvec": [
    [
      0.06757681839892615
    ],
    [
      -0.007538921104895515
    ],
    [
      0.5973252821972603
    ]
  ],
  "tvec": [
    [
      -0.006350319265924814
    ],
    [
      -0.020640674592959218
    ],
    [
      0.15532751653044288
    ]
  ],
  "pose_index": 14,
  "timestamp": "2025-07-29_17-15-25",
  "charuco_corners_count": 24,
  "charuco_ids_count": 24,
  "distance_mm": 156.82155908530757,
  "quality_score": 1.143917750994744,
  "reprojection_error_pixels": 0.6202282905578613,
  "detection_method": "charuco_corners"
}