{
  "rvec": [
    [
      0.03151531366799426
    ],
    [
      0.021871656555434885
    ],
    [
      -0.0620989729893656
    ]
  ],
  "tvec": [
    [
      -0.05906250940768602
    ],
    [
      0.0031367893194407044
    ],
    [
      0.15894322310093847
    ]
  ],
  "pose_index": 15,
  "timestamp": "2025-07-29_17-15-37",
  "charuco_corners_count": 30,
  "charuco_ids_count": 30,
  "distance_mm": 169.59117793824728,
  "quality_score": 1.2273473386461415,
  "reprojection_error_pixels": 0.7708371877670288,
  "detection_method": "charuco_corners"
}