{
  "rvec": [
    [
      0.054372168971187934
    ],
    [
      0.03418775247854915
    ],
    [
      0.12476375324329485
    ]
  ],
  "tvec": [
    [
      -0.03261174777461168
    ],
    [
      0.011369846771264406
    ],
    [
      0.10476645738524427
    ]
  ],
  "pose_index": 16,
  "timestamp": "2025-07-29_17-15-55",
  "charuco_corners_count": 9,
  "charuco_ids_count": 9,
  "distance_mm": 110.31232978036103,
  "quality_score": 0.2901931704225512,
  "reprojection_error_pixels": 0.7441152334213257,
  "detection_method": "charuco_corners"
}