{
  "rvec": [
    [
      0.3114175271893065
    ],
    [
      0.23567953564330166
    ],
    [
      0.12007738843862589
    ]
  ],
  "tvec": [
    [
      -0.021154356793136885
    ],
    [
      -0.007210389922629051
    ],
    [
      0.1446160217006278
    ]
  ],
  "pose_index": 17,
  "timestamp": "2025-07-29_17-16-32",
  "charuco_corners_count": 21,
  "charuco_ids_count": 21,
  "distance_mm": 146.33280652910383,
  "quality_score": 0.6553654534302564,
  "reprojection_error_pixels": 0.8706042170524597,
  "detection_method": "charuco_corners"
}