{
  "rvec": [
    [
      0.348162940786707
    ],
    [
      -0.03637760181762659
    ],
    [
      0.11378696409628615
    ]
  ],
  "tvec": [
    [
      -0.07922369817946237
    ],
    [
      -0.012697966887254468
    ],
    [
      0.12054337721559566
    ]
  ],
  "pose_index": 18,
  "timestamp": "2025-07-29_17-16-39",
  "charuco_corners_count": 34,
  "charuco_ids_count": 34,
  "distance_mm": 144.80448372492387,
  "quality_score": 0.8565442494815128,
  "reprojection_error_pixels": 0.9429559111595154,
  "detection_method": "charuco_corners"
}