{
  "rvec": [
    [
      -0.019842392516065906
    ],
    [
      -0.5712704870695584
    ],
    [
      0.869411363639845
    ]
  ],
  "tvec": [
    [
      -0.011941125872753255
    ],
    [
      -0.027291997879121125
    ],
    [
      0.1096363546281413
    ]
  ],
  "pose_index": 19,
  "timestamp": "2025-07-29_17-16-56",
  "charuco_corners_count": 20,
  "charuco_ids_count": 20,
  "distance_mm": 113.61150422158157,
  "quality_score": 0.6154766819738043,
  "reprojection_error_pixels": 0.7887648940086365,
  "detection_method": "charuco_corners"
}