{
  "rvec": [
    [
      -0.13307574271840558
    ],
    [
      -0.7306159270615703
    ],
    [
      0.8714075219239503
    ]
  ],
  "tvec": [
    [
      0.016570737396870493
    ],
    [
      -0.011644028800196783
    ],
    [
      0.15771135333769978
    ]
  ],
  "pose_index": 20,
  "timestamp": "2025-07-29_17-17-41",
  "charuco_corners_count": 25,
  "charuco_ids_count": 25,
  "distance_mm": 159.00642665057487,
  "quality_score": 1.0575685260812735,
  "reprojection_error_pixels": 0.7512217164039612,
  "detection_method": "charuco_corners"
}