{
  "rvec": [
    [
      0.28407762214799875
    ],
    [
      -0.04141311756160758
    ],
    [
      0.5044149257651284
    ]
  ],
  "tvec": [
    [
      -0.009642625975962797
    ],
    [
      -0.04031169182405275
    ],
    [
      0.1194951003802445
    ]
  ],
  "pose_index": 21,
  "timestamp": "2025-07-29_17-18-55",
  "charuco_corners_count": 27,
  "charuco_ids_count": 27,
  "distance_mm": 126.47961001012939,
  "quality_score": 0.7616046799687526,
  "reprojection_error_pixels": 0.813757598400116,
  "detection_method": "charuco_corners"
}