{
  "rvec": [
    [
      0.12440259487203582
    ],
    [
      -0.11295966113188279
    ],
    [
      0.5192009432060657
    ]
  ],
  "tvec": [
    [
      -0.03075425460906561
    ],
    [
      -0.012719495001194793
    ],
    [
      0.143352335749129
    ]
  ],
  "pose_index": 22,
  "timestamp": "2025-07-29_17-19-06",
  "charuco_corners_count": 25,
  "charuco_ids_count": 25,
  "distance_mm": 147.16487996249532,
  "quality_score": 0.7496142875675906,
  "reprojection_error_pixels": 0.602446436882019,
  "detection_method": "charuco_corners"
}