{
  "rvec": [
    [
      0.3182437828067334
    ],
    [
      -0.09524102398732447
    ],
    [
      0.5221054785642575
    ]
  ],
  "tvec": [
    [
      -0.01512686381966838
    ],
    [
      -0.048868599913891815
    ],
    [
      0.11052711780605252
    ]
  ],
  "pose_index": 23,
  "timestamp": "2025-07-29_17-19-16",
  "charuco_corners_count": 32,
  "charuco_ids_count": 32,
  "distance_mm": 121.79164929122125,
  "quality_score": 0.8298259959153202,
  "reprojection_error_pixels": 0.8235358595848083,
  "detection_method": "charuco_corners"
}