{
  "rvec": [
    [
      0.251482632126162
    ],
    [
      -0.06193531963692916
    ],
    [
      0.3046027905917844
    ]
  ],
  "tvec": [
    [
      -0.031214613912707356
    ],
    [
      -0.034225748819290844
    ],
    [
      0.12180887926076307
    ]
  ],
  "pose_index": 24,
  "timestamp": "2025-07-29_17-19-25",
  "charuco_corners_count": 31,
  "charuco_ids_count": 31,
  "distance_mm": 130.31944241257224,
  "quality_score": 0.8255819903847841,
  "reprojection_error_pixels": 0.8234204649925232,
  "detection_method": "charuco_corners"
}