{
  "R_ee2cam": [
    [
      0.0758517133289605,
      -0.13006903743369075,
      0.9885992934885875
    ],
    [
      -0.9864729278018537,
      -0.15428265821832404,
      0.055389747130008646
    ],
    [
      0.14531923581928063,
      -0.9794278466912,
      -0.14001218813638816
    ]
  ],
  "t_ee2cam": [
    0.036555485369370394,
    0.0024818389059779213,
    0.07577704859934829
  ],
  "num_poses": 25,
  "timestamp": "2025-07-29T17:19:28.128275",
  "description": "End-Effector -> \uce74\uba54\ub77c \ubcc0\ud658 \ud589\ub82c (Eye-in-Hand calibration, \ubbf8\ud130 \ub2e8\uc704)",
  "coordinate_transformation": {
    "applied": true,
    "description": "Z_cam \u2192 X_robot, -X_cam \u2192 Y_robot, -Y_cam \u2192 Z_robot",
    "transformation_matrix": [
      [
        0,
        0,
        1
      ],
      [
        -1,
        0,
        0
      ],
      [
        0,
        -1,
        0
      ]
    ]
  },
  "reprojection_error": {
    "mean_error_pixels": 917.952392578125,
    "mean_pose_error_pixels": 917.9523315429688,
    "pose_errors": [
      1021.7561645507812,
      846.3900146484375,
      806.8665161132812,
      608.3172607421875,
      811.5743408203125,
      1063.274169921875,
      891.6810302734375,
      955.0606689453125,
      1157.971435546875,
      980.5608520507812,
      823.1514892578125,
      843.6488037109375,
      713.8357543945312,
      670.799560546875,
      1064.746337890625,
      773.4307861328125,
      795.3921508789062,
      1067.6634521484375,
      864.5177001953125,
      931.3070068359375,
      981.9866333007812,
      1144.961181640625,
      1003.4710693359375,
      1132.8397216796875,
      993.6053466796875
    ]
  }
}