{
  "rvec": [
    [
      -0.17951996180015065
    ],
    [
      -1.5354717762382586
    ],
    [
      -0.1799833534493587
    ]
  ],
  "tvec": [
    [
      -0.01738030472156963
    ],
    [
      -0.06863117770083657
    ],
    [
      0.196097226076046
    ]
  ],
  "pose_index": 0,
  "timestamp": "2025-07-29_15-15-43",
  "charuco_corners_count": 0,
  "charuco_ids_count": 0,
  "distance_mm": 208.4860561753191,
  "quality_score": 0.5,
  "detection_method": "aruco_markers"
}