{
  "rvec": [
    [
      -0.3700814897236761
    ],
    [
      -1.5226122567840785
    ],
    [
      -0.09023854595118788
    ]
  ],
  "tvec": [
    [
      -0.033001118688618984
    ],
    [
      -0.03077856202971867
    ],
    [
      0.21947483434396894
    ]
  ],
  "pose_index": 1,
  "timestamp": "2025-07-29_15-15-54",
  "charuco_corners_count": 0,
  "charuco_ids_count": 0,
  "distance_mm": 224.066054157318,
  "quality_score": 0.5,
  "detection_method": "aruco_markers"
}