{
  "rvec": [
    [
      -0.45836877713618096
    ],
    [
      -1.5642440231199441
    ],
    [
      0.02783690533302579
    ]
  ],
  "tvec": [
    [
      -0.033341718778331864
    ],
    [
      -0.0006075650642162832
    ],
    [
      0.23536299882395928
    ]
  ],
  "pose_index": 2,
  "timestamp": "2025-07-29_15-16-17",
  "charuco_corners_count": 0,
  "charuco_ids_count": 0,
  "distance_mm": 237.71365245144773,
  "quality_score": 0.5,
  "detection_method": "aruco_markers"
}