{
  "rvec": [
    [
      -0.2799627063602758
    ],
    [
      -1.532454763476983
    ],
    [
      -0.16123177976776373
    ]
  ],
  "tvec": [
    [
      -0.03238060099288797
    ],
    [
      -0.05230515831431923
    ],
    [
      0.2108730132076729
    ]
  ],
  "pose_index": 3,
  "timestamp": "2025-07-29_15-16-29",
  "charuco_corners_count": 0,
  "charuco_ids_count": 0,
  "distance_mm": 219.6628339210573,
  "quality_score": 0.5,
  "detection_method": "aruco_markers"
}