{
  "rvec": [
    [
      -0.1631534930320776
    ],
    [
      -1.5427789988694782
    ],
    [
      -0.32679561795771456
    ]
  ],
  "tvec": [
    [
      -0.03285853392410383
    ],
    [
      -0.0832014203864602
    ],
    [
      0.18566475676301933
    ]
  ],
  "pose_index": 4,
  "timestamp": "2025-07-29_15-16-45",
  "charuco_corners_count": 0,
  "charuco_ids_count": 0,
  "distance_mm": 206.09114854800794,
  "quality_score": 0.5,
  "detection_method": "aruco_markers"
}