{
  "rvec": [
    [
      0.037019839554638195
    ],
    [
      -1.3622653612882782
    ],
    [
      -0.2911561993642529
    ]
  ],
  "tvec": [
    [
      -0.0017389590927525016
    ],
    [
      -0.10621467073769401
    ],
    [
      0.17191724130719235
    ]
  ],
  "pose_index": 5,
  "timestamp": "2025-07-29_15-17-08",
  "charuco_corners_count": 0,
  "charuco_ids_count": 0,
  "distance_mm": 202.08938150560616,
  "quality_score": 0.5,
  "detection_method": "aruco_markers"
}