{
  "rvec": [
    [
      -0.36317736736915046
    ],
    [
      -1.5279815112033834
    ],
    [
      -0.3367519071746459
    ]
  ],
  "tvec": [
    [
      -0.03855383051405129
    ],
    [
      -0.057425660919380034
    ],
    [
      0.20020862939017753
    ]
  ],
  "pose_index": 6,
  "timestamp": "2025-07-29_15-17-31",
  "charuco_corners_count": 0,
  "charuco_ids_count": 0,
  "distance_mm": 211.81973388149478,
  "quality_score": 0.5,
  "detection_method": "aruco_markers"
}