{
  "rvec": [
    [
      -0.25838436162811873
    ],
    [
      -1.5323256767290745
    ],
    [
      -0.2788096793451397
    ]
  ],
  "tvec": [
    [
      -0.02857360819466238
    ],
    [
      -0.061797923670915515
    ],
    [
      0.16545768902257638
    ]
  ],
  "pose_index": 7,
  "timestamp": "2025-07-29_15-17-59",
  "charuco_corners_count": 0,
  "charuco_ids_count": 0,
  "distance_mm": 178.918085480451,
  "quality_score": 0.5,
  "detection_method": "aruco_markers"
}