{
  "rvec": [
    [
      -0.4244586395159517
    ],
    [
      -1.5659572519197864
    ],
    [
      -0.40021805571853586
    ]
  ],
  "tvec": [
    [
      -0.05769948561977284
    ],
    [
      -0.04696800852968705
    ],
    [
      0.17203021953302783
    ]
  ],
  "pose_index": 8,
  "timestamp": "2025-07-29_15-18-12",
  "charuco_corners_count": 0,
  "charuco_ids_count": 0,
  "distance_mm": 187.42897561106415,
  "quality_score": 0.5,
  "detection_method": "aruco_markers"
}