{
  "rvec": [
    [
      -0.061624329615134144
    ],
    [
      -1.578686390825982
    ],
    [
      0.01608424243961752
    ]
  ],
  "tvec": [
    [
      -0.02074467664362371
    ],
    [
      -0.0631533587993391
    ],
    [
      0.17554886430332436
    ]
  ],
  "pose_index": 9,
  "timestamp": "2025-07-29_15-18-23",
  "charuco_corners_count": 0,
  "charuco_ids_count": 0,
  "distance_mm": 187.71279150572974,
  "quality_score": 0.5,
  "detection_method": "aruco_markers"
}