{
  "rvec": [
    [
      -0.25081613007752773
    ],
    [
      -1.567418786334552
    ],
    [
      -0.2637245734047419
    ]
  ],
  "tvec": [
    [
      -0.03604671184545882
    ],
    [
      -0.06005818943019131
    ],
    [
      0.1662577395023227
    ]
  ],
  "pose_index": 10,
  "timestamp": "2025-07-29_15-18-35",
  "charuco_corners_count": 0,
  "charuco_ids_count": 0,
  "distance_mm": 180.41060804987183,
  "quality_score": 0.5,
  "detection_method": "aruco_markers"
}