{
  "rvec": [
    [
      -0.1751174563967214
    ],
    [
      -1.7063711880185428
    ],
    [
      -0.20876718109560055
    ]
  ],
  "tvec": [
    [
      -0.05732623281798073
    ],
    [
      -0.06468342458838362
    ],
    [
      0.16603368629725793
    ]
  ],
  "pose_index": 11,
  "timestamp": "2025-07-29_15-18-44",
  "charuco_corners_count": 0,
  "charuco_ids_count": 0,
  "distance_mm": 187.18287146808785,
  "quality_score": 0.5,
  "detection_method": "aruco_markers"
}