{
  "rvec": [
    [
      -0.24431546739289392
    ],
    [
      -1.2676199720866927
    ],
    [
      -0.09882820912180837
    ]
  ],
  "tvec": [
    [
      0.02464002165622889
    ],
    [
      -0.05429716379241159
    ],
    [
      0.17380534956982593
    ]
  ],
  "pose_index": 12,
  "timestamp": "2025-07-29_15-18-55",
  "charuco_corners_count": 0,
  "charuco_ids_count": 0,
  "distance_mm": 183.7487746958025,
  "quality_score": 0.5,
  "detection_method": "aruco_markers"
}