{
  "rvec": [
    [
      -0.19023496879591845
    ],
    [
      -1.436838544841286
    ],
    [
      -0.3101967400191063
    ]
  ],
  "tvec": [
    [
      -0.032277645686802296
    ],
    [
      -0.07516893062466645
    ],
    [
      0.1588936318036399
    ]
  ],
  "pose_index": 13,
  "timestamp": "2025-07-29_15-19-13",
  "charuco_corners_count": 0,
  "charuco_ids_count": 0,
  "distance_mm": 178.71597793731078,
  "quality_score": 0.5,
  "detection_method": "aruco_markers"
}