{
  "rvec": [
    [
      -0.45565775576356965
    ],
    [
      -1.5386907137603638
    ],
    [
      -0.08717804781703985
    ]
  ],
  "tvec": [
    [
      -0.031813229622204155
    ],
    [
      -0.021449197413175435
    ],
    [
      0.19226634435051587
    ]
  ],
  "pose_index": 14,
  "timestamp": "2025-07-29_15-19-25",
  "charuco_corners_count": 0,
  "charuco_ids_count": 0,
  "distance_mm": 196.05738144373856,
  "quality_score": 0.5,
  "detection_method": "aruco_markers"
}