{
  "rvec": [
    [
      -0.22504995022154056
    ],
    [
      -1.5550748700983756
    ],
    [
      -0.1179187802009478
    ]
  ],
  "tvec": [
    [
      -0.018561702908337394
    ],
    [
      -0.05075441182381098
    ],
    [
      0.13520313834952224
    ]
  ],
  "pose_index": 15,
  "timestamp": "2025-07-29_15-19-39",
  "charuco_corners_count": 0,
  "charuco_ids_count": 0,
  "distance_mm": 145.6036941632953,
  "quality_score": 0.5,
  "detection_method": "aruco_markers"
}