{
  "rvec": [
    [
      -0.3432385208256744
    ],
    [
      -1.2912915220266574
    ],
    [
      -0.10941918195099952
    ]
  ],
  "tvec": [
    [
      -0.002924777440252701
    ],
    [
      -0.04485229047898579
    ],
    [
      0.13552860388332869
    ]
  ],
  "pose_index": 16,
  "timestamp": "2025-07-29_15-19-48",
  "charuco_corners_count": 0,
  "charuco_ids_count": 0,
  "distance_mm": 142.78755112001377,
  "quality_score": 0.5,
  "detection_method": "aruco_markers"
}