{
  "rvec": [
    [
      -0.2398487938326497
    ],
    [
      -1.6647744622121554
    ],
    [
      -0.17227890507503732
    ]
  ],
  "tvec": [
    [
      -0.04230279910822129
    ],
    [
      -0.05200031830726558
    ],
    [
      0.12942300490808034
    ]
  ],
  "pose_index": 17,
  "timestamp": "2025-07-29_15-20-06",
  "charuco_corners_count": 0,
  "charuco_ids_count": 0,
  "distance_mm": 145.75278424745255,
  "quality_score": 0.5,
  "detection_method": "aruco_markers"
}