{
  "rvec": [
    [
      -0.1567593993337034
    ],
    [
      -1.5012574379997878
    ],
    [
      -0.16817315133562724
    ]
  ],
  "tvec": [
    [
      -0.015524589456413145
    ],
    [
      -0.060844321591170765
    ],
    [
      0.12328550243106479
    ]
  ],
  "pose_index": 18,
  "timestamp": "2025-07-29_15-20-26",
  "charuco_corners_count": 0,
  "charuco_ids_count": 0,
  "distance_mm": 138.3559158740965,
  "quality_score": 0.5,
  "detection_method": "aruco_markers"
}