{
  "rvec": [
    [
      -0.4351286953534008
    ],
    [
      -1.5210316332809977
    ],
    [
      -0.10502736081663837
    ]
  ],
  "tvec": [
    [
      -0.030593716204253076
    ],
    [
      -0.03233676524832829
    ],
    [
      0.1458377669215321
    ]
  ],
  "pose_index": 19,
  "timestamp": "2025-07-29_15-20-37",
  "charuco_corners_count": 0,
  "charuco_ids_count": 0,
  "distance_mm": 152.4804778277239,
  "quality_score": 0.5,
  "detection_method": "aruco_markers"
}