{
  "rvec": [
    [
      -0.19068226313177894
    ],
    [
      -1.575059081227929
    ],
    [
      -0.21071186428102628
    ]
  ],
  "tvec": [
    [
      -0.03145359163446214
    ],
    [
      -0.06949616370702223
    ],
    [
      0.20367728049128506
    ]
  ],
  "pose_index": 20,
  "timestamp": "2025-07-29_15-20-58",
  "charuco_corners_count": 0,
  "charuco_ids_count": 0,
  "distance_mm": 217.49363159648226,
  "quality_score": 0.5,
  "detection_method": "aruco_markers"
}