{
  "rvec": [
    [
      -0.2868501249914339
    ],
    [
      -1.5427207212109606
    ],
    [
      -0.18671546477861137
    ]
  ],
  "tvec": [
    [
      -0.03010899489420153
    ],
    [
      -0.05458975054710046
    ],
    [
      0.20826316755795743
    ]
  ],
  "pose_index": 21,
  "timestamp": "2025-07-29_15-21-11",
  "charuco_corners_count": 0,
  "charuco_ids_count": 0,
  "distance_mm": 217.39397277663326,
  "quality_score": 0.5,
  "detection_method": "aruco_markers"
}