{
  "rvec": [
    [
      -0.16522983290723686
    ],
    [
      -1.4889897647024974
    ],
    [
      -0.3147911235549872
    ]
  ],
  "tvec": [
    [
      -0.02784105178480775
    ],
    [
      -0.0843322342258165
    ],
    [
      0.1908545523416249
    ]
  ],
  "pose_index": 22,
  "timestamp": "2025-07-29_15-21-19",
  "charuco_corners_count": 0,
  "charuco_ids_count": 0,
  "distance_mm": 210.50536820595423,
  "quality_score": 0.5,
  "detection_method": "aruco_markers"
}