{
  "rvec": [
    [
      0.005028082607787106
    ],
    [
      -1.4848452536056385
    ],
    [
      -0.21610521730939075
    ]
  ],
  "tvec": [
    [
      -0.019580220853975445
    ],
    [
      -0.0964689877127764
    ],
    [
      0.18734776630130232
    ]
  ],
  "pose_index": 23,
  "timestamp": "2025-07-29_15-21-29",
  "charuco_corners_count": 0,
  "charuco_ids_count": 0,
  "distance_mm": 211.63373118930176,
  "quality_score": 0.5,
  "detection_method": "aruco_markers"
}