{
  "rvec": [
    [
      -0.15906604557672588
    ],
    [
      -1.566050775599518
    ],
    [
      -0.18869785329069816
    ]
  ],
  "tvec": [
    [
      -0.021090710368453728
    ],
    [
      -0.07288140328225377
    ],
    [
      0.19911690065785329
    ]
  ],
  "pose_index": 24,
  "timestamp": "2025-07-29_15-21-43",
  "charuco_corners_count": 0,
  "charuco_ids_count": 0,
  "distance_mm": 213.08227785488384,
  "quality_score": 0.5,
  "detection_method": "aruco_markers"
}