{
  "R_ee2cam": [
    [
      0.050842656453090204,
      -0.04012987974163211,
      0.9979001037361982
    ],
    [
      -0.9904595499338614,
      -0.13017000349278707,
      0.04522886396429089
    ],
    [
      0.1280816311170559,
      -0.9906792432178085,
      -0.04636521139587825
    ]
  ],
  "t_ee2cam": [
    -0.06068550451461346,
    -0.006210496498024243,
    0.009738686092467575
  ],
  "num_poses": 25,
  "timestamp": "2025-07-29T15:21:45.939460",
  "description": "End-Effector -> \uce74\uba54\ub77c \ubcc0\ud658 \ud589\ub82c (Eye-in-Hand calibration, \ubbf8\ud130 \ub2e8\uc704)",
  "coordinate_transformation": {
    "applied": true,
    "description": "Z_cam \u2192 X_robot, -X_cam \u2192 Y_robot, -Y_cam \u2192 Z_robot",
    "transformation_matrix": [
      [
        0,
        0,
        1
      ],
      [
        -1,
        0,
        0
      ],
      [
        0,
        -1,
        0
      ]
    ]
  },
  "reprojection_error": {
    "mean_error_pixels": 546.3270874023438,
    "mean_pose_error_pixels": 546.3270874023438,
    "pose_errors": [
      563.9471435546875,
      655.981689453125,
      710.7257690429688,
      602.6587524414062,
      517.2657470703125,
      531.928955078125,
      622.1971435546875,
      543.7507934570312,
      620.4222412109375,
      435.04779052734375,
      528.16845703125,
      449.03778076171875,
      679.8153076171875,
      516.0467529296875,
      666.6679077148438,
      401.360595703125,
      530.5699462890625,
      391.36383056640625,
      360.7737121582031,
      523.135986328125,
      561.9841918945312,
      614.5513305664062,
      557.5838623046875,
      510.89324951171875,
      562.2978515625
    ]
  }
}