{
  "R_base2ee": [
    [
      -0.16651359511857783,
      -0.9858848759337959,
      -0.01744230620331896
    ],
    [
      -0.9834436120564213,
      0.16733194063896822,
      -0.06956064654253875
    ],
    [
      0.07149744433268591,
      0.005570731280615324,
      -0.997425226474092
    ]
  ],
  "t_base2ee": [
    [
      76.3
    ],
    [
      -65.2
    ],
    [
      287.4
    ]
  ],
  "angles": [
    2.63,
    2.72,
    -4.57,
    -86.3,
    -3.6,
    11.33
  ],
  "pose_index": 0,
  "timestamp": "2025-07-28_10-48-38"
}