{
  "R_base2ee": [
    [
      -0.11526771423507319,
      -0.9928824281525308,
      0.029963943681635602
    ],
    [
      -0.9931931558920216,
      0.11469008246350279,
      -0.020335684737949743
    ],
    [
      0.01675437686898136,
      -0.03210403168528299,
      -0.9993440958975454
    ]
  ],
  "t_base2ee": [
    [
      84.3
    ],
    [
      -62.6
    ],
    [
      236.1
    ]
  ],
  "angles": [
    2.02,
    37.35,
    -84.99,
    -37.96,
    -0.79,
    8.26
  ],
  "pose_index": 1,
  "timestamp": "2025-07-28_10-48-46"
}