{
  "R_base2ee": [
    [
      -0.12513442471964256,
      -0.9870016474584206,
      0.10084207288849066
    ],
    [
      -0.9919332329099089,
      0.1223864871227193,
      -0.033015287650675865
    ],
    [
      0.020244436247535143,
      -0.10415995240073805,
      -0.9943544977103967
    ]
  ],
  "t_base2ee": [
    [
      87.3
    ],
    [
      -63.2
    ],
    [
      182.5
    ]
  ],
  "angles": [
    2.1,
    51.94,
    -126.21,
    -7.82,
    -2.9,
    9.4
  ],
  "pose_index": 2,
  "timestamp": "2025-07-28_10-48-53"
}