{
  "R_base2ee": [
    [
      -0.07049525236554907,
      -0.9948430285502005,
      0.07292302749462852
    ],
    [
      -0.9956422526262022,
      0.06570075495573034,
      -0.06618093066487134
    ],
    [
      0.06104853953485687,
      -0.07727068877208144,
      -0.9951393452564062
    ]
  ],
  "t_base2ee": [
    [
      144.6
    ],
    [
      -62.6
    ],
    [
      94.3
    ]
  ],
  "angles": [
    2.02,
    -24.08,
    -143.26,
    83.32,
    -4.39,
    6.15
  ],
  "pose_index": 4,
  "timestamp": "2025-07-28_10-49-15"
}