{
  "R_base2ee": [
    [
      0.34896897847145797,
      -0.9310121171616857,
      0.10694433020362788
    ],
    [
      -0.929401846361091,
      -0.3584581613210922,
      -0.08786327197923317
    ],
    [
      0.1201368388346471,
      -0.06873270168134907,
      -0.9903751590555978
    ]
  ],
  "t_base2ee": [
    [
      146.1
    ],
    [
      -63.7
    ],
    [
      97.0
    ]
  ],
  "angles": [
    2.54,
    -24.08,
    -143.26,
    84.02,
    -4.3,
    -19.42
  ],
  "pose_index": 5,
  "timestamp": "2025-07-28_10-49-23"
}