{
  "R_base2ee": [
    [
      -0.277367283671568,
      -0.9548629734819919,
      0.10632070269606389
    ],
    [
      -0.9603323894650592,
      0.2722233299027088,
      -0.06046619221524435
    ],
    [
      0.028793952368263466,
      -0.11887455795842042,
      -0.9924916865028162
    ]
  ],
  "t_base2ee": [
    [
      146.0
    ],
    [
      -62.4
    ],
    [
      96.9
    ]
  ],
  "angles": [
    2.02,
    -24.08,
    -143.26,
    83.05,
    -4.3,
    18.63
  ],
  "pose_index": 6,
  "timestamp": "2025-07-28_10-49-30"
}