{
  "R_base2ee": [
    [
      -0.23313917132973164,
      -0.966608108627113,
      0.10637147704155205
    ],
    [
      -0.9718417386132843,
      0.22774960997133406,
      -0.06044625916476823
    ],
    [
      0.034201781836552723,
      -0.11746863195858122,
      -0.9924874601852581
    ]
  ],
  "t_base2ee": [
    [
      146.0
    ],
    [
      -62.4
    ],
    [
      96.9
    ]
  ],
  "angles": [
    2.54,
    -24.08,
    -143.26,
    84.02,
    -4.3,
    14.76
  ],
  "pose_index": 7,
  "timestamp": "2025-07-28_10-49-38"
}