{
  "R_base2ee": [
    [
      0.4197321285393167,
      -0.9059255692871295,
      0.055890993761469186
    ],
    [
      -0.9042354657490964,
      -0.4226952164577139,
      -0.06072047813778404
    ],
    [
      0.07863308943039968,
      -0.025052283240384794,
      -0.9965887920055464
    ]
  ],
  "t_base2ee": [
    [
      131.4
    ],
    [
      -62.8
    ],
    [
      138.6
    ]
  ],
  "angles": [
    2.63,
    14.5,
    -136.66,
    38.05,
    -2.63,
    -23.37
  ],
  "pose_index": 8,
  "timestamp": "2025-07-28_10-49-45"
}