{
  "R_base2ee": [
    [
      -0.09896639516598925,
      -0.9932309803486662,
      -0.060810133230218985
    ],
    [
      -0.9932695120623467,
      0.10229623172647902,
      -0.0543245559760085
    ],
    [
      0.06017747946929345,
      0.05502454588808734,
      -0.99666994050916
    ]
  ],
  "t_base2ee": [
    [
      96.0
    ],
    [
      -63.6
    ],
    [
      210.0
    ]
  ],
  "angles": [
    2.54,
    35.77,
    -97.55,
    -29.17,
    -3.95,
    8.61
  ],
  "pose_index": 9,
  "timestamp": "2025-07-28_10-49-52"
}