{
  "R_base2ee": [
    [
      -0.10174715503809702,
      -0.9939692986330911,
      -0.04089681914885704
    ],
    [
      -0.9930616699297283,
      0.10391886001305517,
      -0.055039896892767254
    ],
    [
      0.05895791853545083,
      0.0350129105963488,
      -0.997646259920589
    ]
  ],
  "t_base2ee": [
    [
      97.0
    ],
    [
      -63.6
    ],
    [
      211.5
    ]
  ],
  "angles": [
    2.54,
    35.77,
    -97.55,
    -27.15,
    -3.95,
    7.64
  ],
  "pose_index": 10,
  "timestamp": "2025-07-28_10-50-00"
}