{
  "R_base2ee": [
    [
      -0.09716714698265033,
      -0.9947577343199018,
      0.03186841003231338
    ],
    [
      -0.9927713413225427,
      0.09460707179147217,
      -0.07385503243302022
    ],
    [
      0.07045288777538691,
      -0.038814326965424216,
      -0.9967596694421027
    ]
  ],
  "t_base2ee": [
    [
      100.6
    ],
    [
      -64.6
    ],
    [
      216.8
    ]
  ],
  "angles": [
    2.54,
    35.77,
    -97.55,
    -23.81,
    -3.95,
    7.2
  ],
  "pose_index": 11,
  "timestamp": "2025-07-28_10-50-07"
}