{
  "R_base2ee": [
    [
      -0.10470785598709863,
      -0.9880264089953937,
      0.11331407689361458
    ],
    [
      -0.9912358286973448,
      0.09445593390261048,
      -0.09235587938660769
    ],
    [
      0.08054686090266312,
      -0.12199135903109148,
      -0.9892574546196122
    ]
  ],
  "t_base2ee": [
    [
      104.1
    ],
    [
      -65.5
    ],
    [
      223.1
    ]
  ],
  "angles": [
    2.63,
    35.68,
    -97.55,
    -18.98,
    -5.97,
    7.64
  ],
  "pose_index": 12,
  "timestamp": "2025-07-28_10-50-14"
}