{
  "R_base2ee": [
    [
      -0.11712469994788102,
      -0.9687524251737051,
      0.21863335377335266
    ],
    [
      -0.9910634786858626,
      0.09986421821116989,
      -0.08843256830008164
    ],
    [
      0.0638356160555814,
      -0.2270371701751433,
      -0.971791715071531
    ]
  ],
  "t_base2ee": [
    [
      108.0
    ],
    [
      -65.3
    ],
    [
      231.7
    ]
  ],
  "angles": [
    2.63,
    35.68,
    -97.55,
    -12.56,
    -5.97,
    8.26
  ],
  "pose_index": 13,
  "timestamp": "2025-07-28_10-50-22"
}