{
  "R_base2ee": [
    [
      -0.11911980523270317,
      -0.9398856577060769,
      0.3200397200969563
    ],
    [
      -0.9916077755302108,
      0.09630576731202024,
      -0.08625090544724777
    ],
    [
      0.05024431817976955,
      -0.3276280659846746,
      -0.9434698505356659
    ]
  ],
  "t_base2ee": [
    [
      110.8
    ],
    [
      -65.3
    ],
    [
      240.6
    ]
  ],
  "angles": [
    2.63,
    35.68,
    -97.55,
    -6.94,
    -5.97,
    7.11
  ],
  "pose_index": 14,
  "timestamp": "2025-07-28_10-50-29"
}