{
  "R_base2ee": [
    [
      -0.08775724872194288,
      -0.9943327811978812,
      0.06000821220501332
    ],
    [
      -0.9950683465918541,
      0.09029946386877861,
      0.04104865936866928
    ],
    [
      -0.046234737024329974,
      -0.05610995509085709,
      -0.9973535090588458
    ]
  ],
  "t_base2ee": [
    [
      152.7
    ],
    [
      -63.3
    ],
    [
      114.1
    ]
  ],
  "angles": [
    -0.35,
    -12.21,
    -133.24,
    60.55,
    3.6,
    5.18
  ],
  "pose_index": 16,
  "timestamp": "2025-07-28_10-51-22"
}