{
  "R_base2ee": [
    [
      -0.10431229226788889,
      -0.9939088927230595,
      0.03555360245939089
    ],
    [
      -0.9728606294074558,
      0.1093969882809576,
      0.2038982459561264
    ],
    [
      -0.20654573689802344,
      -0.013319606641260135,
      -0.9783462815630131
    ]
  ],
  "t_base2ee": [
    [
      151.6
    ],
    [
      -55.3
    ],
    [
      113.2
    ]
  ],
  "angles": [
    -0.35,
    -12.21,
    -133.06,
    59.41,
    12.56,
    5.8
  ],
  "pose_index": 17,
  "timestamp": "2025-07-28_10-51-29"
}