{
  "R_base2ee": [
    [
      -0.08923046541243797,
      -0.9954336320724209,
      0.03390882158654376
    ],
    [
      -0.9785854518759087,
      0.0812781235932665,
      -0.1891147270890901
    ],
    [
      0.18549511427286447,
      -0.0500574746093532,
      -0.9813693554501439
    ]
  ],
  "t_base2ee": [
    [
      151.5
    ],
    [
      -74.5
    ],
    [
      113.1
    ]
  ],
  "angles": [
    -0.35,
    -12.21,
    -133.06,
    59.15,
    -13.09,
    5.27
  ],
  "pose_index": 18,
  "timestamp": "2025-07-28_10-51-37"
}