{
  "R_base2ee": [
    [
      -0.06274149926651382,
      -0.9975107757800054,
      0.032183170641844706
    ],
    [
      -0.9496312461531954,
      0.049747789287628214,
      -0.3093956266506093
    ],
    [
      0.3070244299714919,
      -0.04997408992433771,
      -0.9503886519403074
    ]
  ],
  "t_base2ee": [
    [
      151.4
    ],
    [
      -80.3
    ],
    [
      114.6
    ]
  ],
  "angles": [
    -0.35,
    -12.21,
    -133.06,
    58.97,
    -18.98,
    3.16
  ],
  "pose_index": 19,
  "timestamp": "2025-07-28_10-51-44"
}