{
  "R_base2ee": [
    [
      -0.0847022568966552,
      -0.995779378615274,
      -0.035340582920938696
    ],
    [
      -0.9662089331654381,
      0.09074925343033632,
      -0.24125685580547263
    ],
    [
      0.24344573347651638,
      0.01371138674297044,
      -0.9698175976572428
    ]
  ],
  "t_base2ee": [
    [
      123.4
    ],
    [
      -76.9
    ],
    [
      106.3
    ]
  ],
  "angles": [
    -0.43,
    -2.72,
    -147.74,
    61.87,
    -13.27,
    5.36
  ],
  "pose_index": 20,
  "timestamp": "2025-07-28_10-51-51"
}