{
  "R_base2ee": [
    [
      -0.2459063040036436,
      -0.9651405618796846,
      0.08963138661113158
    ],
    [
      -0.9454015963677174,
      0.21841286481966948,
      -0.24189179826243853
    ],
    [
      0.21388293816160067,
      -0.1442203740663271,
      -0.9661545282549421
    ]
  ],
  "t_base2ee": [
    [
      129.2
    ],
    [
      -76.9
    ],
    [
      115.9
    ]
  ],
  "angles": [
    -0.35,
    -2.72,
    -147.12,
    67.76,
    -13.27,
    13.09
  ],
  "pose_index": 21,
  "timestamp": "2025-07-28_10-51-59"
}