{
  "R_base2ee": [
    [
      -0.2500181527036367,
      -0.956770485049934,
      0.14859731577648017
    ],
    [
      -0.9469499004647525,
      0.2096161313430884,
      -0.24361232212380496
    ],
    [
      0.2019326851415006,
      -0.20162171613710428,
      -0.9584215535209297
    ]
  ],
  "t_base2ee": [
    [
      134.9
    ],
    [
      -77.0
    ],
    [
      111.8
    ]
  ],
  "angles": [
    -0.43,
    -13.09,
    -147.12,
    81.29,
    -15.02,
    11.95
  ],
  "pose_index": 22,
  "timestamp": "2025-07-28_10-52-06"
}