{
  "rvec": [
    [
      -0.05279375838416576
    ],
    [
      -0.21943463686945303
    ],
    [
      -0.08390907785516546
    ]
  ],
  "tvec": [
    [
      -0.08938069978203372
    ],
    [
      -0.08624616223653829
    ],
    [
      0.4005601393122262
    ]
  ],
  "pose_index": 1,
  "timestamp": "2025-07-28_09-19-16"
}