{
  "rvec": [
    [
      -0.04290699212430531
    ],
    [
      0.3324534923620305
    ],
    [
      0.07408047342055403
    ]
  ],
  "tvec": [
    [
      0.08035558311364789
    ],
    [
      -0.11951732521185907
    ],
    [
      0.3714115266371795
    ]
  ],
  "pose_index": 2,
  "timestamp": "2025-07-28_09-19-24"
}