{
  "rvec": [
    [
      0.7522337316549473
    ],
    [
      -0.15103395049077376
    ],
    [
      -0.12642373278261068
    ]
  ],
  "tvec": [
    [
      -0.014742874292098283
    ],
    [
      -0.1739323651621194
    ],
    [
      0.3275506569757521
    ]
  ],
  "pose_index": 5,
  "timestamp": "2025-07-28_09-19-46"
}