{
  "rvec": [
    [
      0.18291486755368533
    ],
    [
      0.08673994400104935
    ],
    [
      -0.4001647215136114
    ]
  ],
  "tvec": [
    [
      -0.08247994519827133
    ],
    [
      -0.04791866629034353
    ],
    [
      0.3634793172410189
    ]
  ],
  "pose_index": 6,
  "timestamp": "2025-07-28_09-19-53"
}