{
  "rvec": [
    [
      0.14680739927353023
    ],
    [
      -0.13580987189801666
    ],
    [
      0.25745900598805044
    ]
  ],
  "tvec": [
    [
      -0.17129031025573363
    ],
    [
      -0.151459890486922
    ],
    [
      0.29391878457924125
    ]
  ],
  "pose_index": 8,
  "timestamp": "2025-07-28_09-20-08"
}