{
  "rvec": [
    [
      0.7369901413692455
    ],
    [
      -0.16702029561661375
    ],
    [
      -0.39504024981496794
    ]
  ],
  "tvec": [
    [
      -0.006108287434443213
    ],
    [
      -0.16859275690273268
    ],
    [
      0.33363382139542497
    ]
  ],
  "pose_index": 9,
  "timestamp": "2025-07-28_09-20-15"
}