{
  "rvec": [
    [
      0.031369284607562845
    ],
    [
      0.2481681716965771
    ],
    [
      -0.06889720906544988
    ]
  ],
  "tvec": [
    [
      -0.023098312143977517
    ],
    [
      0.045138652265644
    ],
    [
      0.4065438419850123
    ]
  ],
  "pose_index": 10,
  "timestamp": "2025-07-28_09-20-23"
}