{
  "rvec": [
    [
      -0.27434665077025555
    ],
    [
      -0.023531355464232816
    ],
    [
      -0.06939374706436494
    ]
  ],
  "tvec": [
    [
      0.10299453207970148
    ],
    [
      0.03701184033656992
    ],
    [
      0.38805362489789397
    ]
  ],
  "pose_index": 11,
  "timestamp": "2025-07-28_09-20-30"
}