{
  "rvec": [
    [
      0.03029466538682647
    ],
    [
      -0.013303905085279632
    ],
    [
      3.0719386970677665e-05
    ]
  ],
  "tvec": [
    [
      -0.04648018969173047
    ],
    [
      -0.10410810645853721
    ],
    [
      0.3446674692770421
    ]
  ],
  "pose_index": 12,
  "timestamp": "2025-07-28_09-20-38"
}