{
  "rvec": [
    [
      0.18856944206203546
    ],
    [
      -0.10192949541730212
    ],
    [
      0.011628046919919791
    ]
  ],
  "tvec": [
    [
      -0.17402050537256417
    ],
    [
      -0.16118920572614548
    ],
    [
      0.3106376984402129
    ]
  ],
  "pose_index": 13,
  "timestamp": "2025-07-28_09-20-45"
}