{
  "rvec": [
    [
      0.03140353098679716
    ],
    [
      0.295320925760653
    ],
    [
      -0.21734174650811494
    ]
  ],
  "tvec": [
    [
      0.0026042056896170697
    ],
    [
      0.03869699444045349
    ],
    [
      0.3993612767177451
    ]
  ],
  "pose_index": 14,
  "timestamp": "2025-07-28_09-20-52"
}