{
  "rvec": [
    [
      -0.11113501362896432
    ],
    [
      -0.6989891772259998
    ],
    [
      0.2020261710787361
    ]
  ],
  "tvec": [
    [
      -0.18131853259786157
    ],
    [
      0.0267676311744512
    ],
    [
      0.3997007237412899
    ]
  ],
  "pose_index": 15,
  "timestamp": "2025-07-28_09-21-00"
}