{
  "rvec": [
    [
      0.09011668926299114
    ],
    [
      -0.16127355041907268
    ],
    [
      0.1085190001564801
    ]
  ],
  "tvec": [
    [
      -0.21239941974980955
    ],
    [
      -0.1567994065818282
    ],
    [
      0.3310258660031272
    ]
  ],
  "pose_index": 17,
  "timestamp": "2025-07-28_09-21-20"
}