{
  "rvec": [
    [
      0.22308825255848438
    ],
    [
      0.2218268578426382
    ],
    [
      -0.5957659221062767
    ]
  ],
  "tvec": [
    [
      -0.08809013910146066
    ],
    [
      -0.015728961564012555
    ],
    [
      0.3718813948669877
    ]
  ],
  "pose_index": 20,
  "timestamp": "2025-07-28_09-21-48"
}