{
  "rvec": [
    [
      -0.09996684021909207
    ],
    [
      0.17050545339070625
    ],
    [
      0.5913113453644269
    ]
  ],
  "tvec": [
    [
      0.08683582661571887
    ],
    [
      -0.1258770503978251
    ],
    [
      0.35170258707846896
    ]
  ],
  "pose_index": 21,
  "timestamp": "2025-07-28_09-21-56"
}