{
  "rvec": [
    [
      0.01766987419583785
    ],
    [
      0.016874988969020965
    ],
    [
      -0.1428106887660847
    ]
  ],
  "tvec": [
    [
      0.09623460996673593
    ],
    [
      -0.06988490089006424
    ],
    [
      0.3902789942595939
    ]
  ],
  "pose_index": 23,
  "timestamp": "2025-07-28_09-22-15"
}