{
  "rvec": [
    [
      -0.027073935015510874
    ],
    [
      -0.004804653186098852
    ],
    [
      -0.07654786256565412
    ]
  ],
  "tvec": [
    [
      -0.0001893071211095911
    ],
    [
      0.05092028801238436
    ],
    [
      0.4250146821975733
    ]
  ],
  "pose_index": 24,
  "timestamp": "2025-07-28_09-22-22"
}