{
  "R_cam2ee": [
    [
      0.9630129112208281,
      -0.10328391381709257,
      -0.2488745988818646
    ],
    [
      0.08414759983479521,
      0.992703169114353,
      -0.0863689728569421
    ],
    [
      0.25597912857111765,
      0.06223223583436019,
      0.9646770623162073
    ]
  ],
  "t_cam2ee": [
    0.16292364334763781,
    0.04064967759274396,
    -0.0686859158399692
  ]
}