{
  "R_cam2ee": [
    [
      0.963012911220828,
      0.08414759983479521,
      0.25597912857111765
    ],
    [
      -0.10328391381709258,
      0.9927031691143532,
      0.06223223583436019
    ],
    [
      -0.2488745988818646,
      -0.08636897285694212,
      0.9646770623162074
    ]
  ],
  "t_cam2ee": [
    -0.1427359840085758,
    -0.019251194118457507,
    0.11031815480216624
  ]
}