{
  "R_cam2ee": [
    [
      -0.10869398151258963,
      -0.9861280862116285,
      0.12544726369089046
    ],
    [
      -0.9935036873210218,
      0.10348424811604046,
      -0.0473437817605564
    ],
    [
      0.03370521714029202,
      -0.1297783031806502,
      -0.9909700047736445
    ]
  ],
  "t_cam2ee": [
    -0.050080101364755755,
    0.10561844231003598,
    0.24371981386730504
  ]
}