{
  "R_cam2ee": [
    [
      -0.07468479310047262,
      -0.9920202399673623,
      0.101577680494472
    ],
    [
      -0.9727669172043079,
      0.09488897074359036,
      0.21147247580725426
    ],
    [
      -0.21942357774944624,
      -0.08301762900926218,
      -0.9720912337848305
    ]
  ],
  "t_cam2ee": [
    -0.04666829764046227,
    0.11451723300381447,
    0.23159358725510973
  ],
  "description": "Optimized Camera to End-Effector transformation using LM (unit: meters)"
}