{
  "rvec": [
    [
      -0.24221896288236153
    ],
    [
      -1.4978894997483638
    ],
    [
      -0.28492670063181214
    ]
  ],
  "tvec": [
    [
      -0.033230111950860605
    ],
    [
      -0.06988042634674202
    ],
    [
      0.19246533142098632
    ]
  ],
  "pose_index": 0,
  "timestamp": "2025-07-29_20-39-17",
  "charuco_corners_count": 69,
  "charuco_ids_count": 69,
  "distance_mm": 207.43774518071504,
  "quality_score": 1.4857676469879584,
  "detection_method": "charuco_corners"
}