{
  "rvec": [
    [
      -0.21196588778313133
    ],
    [
      -1.5470810671110649
    ],
    [
      -0.13128012453588717
    ]
  ],
  "tvec": [
    [
      -0.0226100473615655
    ],
    [
      -0.06010733581894369
    ],
    [
      0.22556079979703733
    ]
  ],
  "pose_index": 1,
  "timestamp": "2025-07-29_20-39-32",
  "charuco_corners_count": 72,
  "charuco_ids_count": 72,
  "distance_mm": 234.5245839267659,
  "quality_score": 1.5075503566342008,
  "detection_method": "charuco_corners"
}