{
  "rvec": [
    [
      -0.10380973529486051
    ],
    [
      -1.5600297992008578
    ],
    [
      -0.1980867759735562
    ]
  ],
  "tvec": [
    [
      -0.027028138540659722
    ],
    [
      -0.07707253030049191
    ],
    [
      0.1834135130546413
    ]
  ],
  "pose_index": 2,
  "timestamp": "2025-07-29_20-39-49",
  "charuco_corners_count": 71,
  "charuco_ids_count": 71,
  "distance_mm": 200.7765224595207,
  "quality_score": 1.5214772664632679,
  "detection_method": "charuco_corners"
}