{
  "rvec": [
    [
      -0.14596988688388401
    ],
    [
      -1.5277590460514487
    ],
    [
      -0.328953452566668
    ]
  ],
  "tvec": [
    [
      -0.03262042574149521
    ],
    [
      -0.08666177131179055
    ],
    [
      0.17308355457089614
    ]
  ],
  "pose_index": 3,
  "timestamp": "2025-07-29_20-40-04",
  "charuco_corners_count": 68,
  "charuco_ids_count": 68,
  "distance_mm": 196.29638724477297,
  "quality_score": 1.4803173823616231,
  "detection_method": "charuco_corners"
}