{
  "rvec": [
    [
      -0.24559591497340416
    ],
    [
      -1.5390886239595094
    ],
    [
      -0.2766429401034274
    ]
  ],
  "tvec": [
    [
      -0.032121645253547985
    ],
    [
      -0.06715106981546083
    ],
    [
      0.17954394960343006
    ]
  ],
  "pose_index": 4,
  "timestamp": "2025-07-29_20-40-13",
  "charuco_corners_count": 76,
  "charuco_ids_count": 76,
  "distance_mm": 194.3633095786206,
  "quality_score": 1.6019743060754679,
  "detection_method": "charuco_corners"
}