{
  "rvec": [
    [
      -0.19541037466179467
    ],
    [
      -1.7527464469508314
    ],
    [
      -0.3062647778209289
    ]
  ],
  "tvec": [
    [
      -0.07147028010446731
    ],
    [
      -0.07053248218360299
    ],
    [
      0.1736774550329773
    ]
  ],
  "pose_index": 5,
  "timestamp": "2025-07-29_20-40-21",
  "charuco_corners_count": 72,
  "charuco_ids_count": 72,
  "distance_mm": 200.61577796355684,
  "quality_score": 1.5366150474598084,
  "detection_method": "charuco_corners"
}