{
  "rvec": [
    [
      -0.1771221012084429
    ],
    [
      -1.5411889356338706
    ],
    [
      -0.13087304009663306
    ]
  ],
  "tvec": [
    [
      -0.019175405509365098
    ],
    [
      -0.06234241229486036
    ],
    [
      0.19124296512175057
    ]
  ],
  "pose_index": 6,
  "timestamp": "2025-07-29_20-40-32",
  "charuco_corners_count": 74,
  "charuco_ids_count": 74,
  "distance_mm": 202.05975417126004,
  "quality_score": 1.5653773535674913,
  "detection_method": "charuco_corners"
}