{
  "rvec": [
    [
      -0.4725891444833514
    ],
    [
      -1.445784615566853
    ],
    [
      -0.024352736166861122
    ]
  ],
  "tvec": [
    [
      -0.02234876985573846
    ],
    [
      -0.01821443295831014
    ],
    [
      0.17251795103143155
    ]
  ],
  "pose_index": 7,
  "timestamp": "2025-07-29_20-40-47",
  "charuco_corners_count": 76,
  "charuco_ids_count": 76,
  "distance_mm": 174.9104814187559,
  "quality_score": 1.6186481587839234,
  "detection_method": "charuco_corners"
}