{
  "rvec": [
    [
      -0.5041349510987159
    ],
    [
      -1.5136620945452173
    ],
    [
      -0.052121874205027084
    ]
  ],
  "tvec": [
    [
      -0.027014887496110473
    ],
    [
      -0.029632520262487076
    ],
    [
      0.11762347083813415
    ]
  ],
  "pose_index": 8,
  "timestamp": "2025-07-29_20-41-04",
  "charuco_corners_count": 74,
  "charuco_ids_count": 74,
  "distance_mm": 124.27055683283795,
  "quality_score": 1.21,
  "detection_method": "charuco_corners"
}