{
  "rvec": [
    [
      -0.47551922086084764
    ],
    [
      -1.6783814536717558
    ],
    [
      -0.17183285727294856
    ]
  ],
  "tvec": [
    [
      -0.03582211762473632
    ],
    [
      -0.035745363881608316
    ],
    [
      0.10846298929810184
    ]
  ],
  "pose_index": 9,
  "timestamp": "2025-07-29_20-41-15",
  "charuco_corners_count": 63,
  "charuco_ids_count": 63,
  "distance_mm": 119.68782393221622,
  "quality_score": 1.045,
  "detection_method": "charuco_corners"
}