{
  "rvec": [
    [
      -0.5380080479114874
    ],
    [
      -1.383764579406468
    ],
    [
      -0.1226250136445165
    ]
  ],
  "tvec": [
    [
      -0.014349463202164495
    ],
    [
      -0.03088917558056355
    ],
    [
      0.11708372887348403
    ]
  ],
  "pose_index": 10,
  "timestamp": "2025-07-29_20-41-25",
  "charuco_corners_count": 71,
  "charuco_ids_count": 71,
  "distance_mm": 121.937065034208,
  "quality_score": 1.165,
  "detection_method": "charuco_corners"
}