{
  "rvec": [
    [
      -0.4306309101208392
    ],
    [
      -1.4258194878316546
    ],
    [
      -0.22826199194674493
    ]
  ],
  "tvec": [
    [
      -0.018999893737893875
    ],
    [
      -0.042426360108362475
    ],
    [
      0.10804464652443763
    ]
  ],
  "pose_index": 11,
  "timestamp": "2025-07-29_20-41-38",
  "charuco_corners_count": 68,
  "charuco_ids_count": 68,
  "distance_mm": 117.62073642298955,
  "quality_score": 1.12,
  "detection_method": "charuco_corners"
}