{
  "rvec": [
    [
      -0.2362328415757233
    ],
    [
      -1.7350928127190701
    ],
    [
      -0.266098133058964
    ]
  ],
  "tvec": [
    [
      -0.03232670801201338
    ],
    [
      -0.052286572997818505
    ],
    [
      0.08994711085748187
    ]
  ],
  "pose_index": 12,
  "timestamp": "2025-07-29_20-41-52",
  "charuco_corners_count": 55,
  "charuco_ids_count": 55,
  "distance_mm": 108.94670494493309,
  "quality_score": 0.925,
  "detection_method": "charuco_corners"
}