{
  "rvec": [
    [
      0.08935813166402773
    ],
    [
      0.16572062592989426
    ],
    [
      -0.011504935220450891
    ]
  ],
  "tvec": [
    [
      -0.11853509176096148
    ],
    [
      -0.05103827907791709
    ],
    [
      0.1531108584492985
    ]
  ],
  "pose_index": 13,
  "timestamp": "2025-07-29_20-42-30",
  "charuco_corners_count": 40,
  "charuco_ids_count": 40,
  "distance_mm": 200.24587108126858,
  "quality_score": 1.328165674133011,
  "detection_method": "charuco_corners"
}