{
  "rvec": [
    [
      0.025934136186984844
    ],
    [
      0.24767715184125302
    ],
    [
      -0.004448581555915335
    ]
  ],
  "tvec": [
    [
      -0.09601085667751201
    ],
    [
      -0.04583404416742594
    ],
    [
      0.17712541936727122
    ]
  ],
  "pose_index": 14,
  "timestamp": "2025-07-29_20-43-36",
  "charuco_corners_count": 40,
  "charuco_ids_count": 40,
  "distance_mm": 206.6210502120319,
  "quality_score": 1.3134185344106053,
  "detection_method": "charuco_corners"
}