{
  "rvec": [
    [
      0.06513691864376324
    ],
    [
      0.20695517524373605
    ],
    [
      0.3981446907569699
    ]
  ],
  "tvec": [
    [
      -0.0484801359343621
    ],
    [
      -0.08998595675900352
    ],
    [
      0.155977318388609
    ]
  ],
  "pose_index": 15,
  "timestamp": "2025-07-29_20-43-47",
  "charuco_corners_count": 35,
  "charuco_ids_count": 35,
  "distance_mm": 186.48517325983045,
  "quality_score": 1.260796920848896,
  "detection_method": "charuco_corners"
}