{
  "rvec": [
    [
      0.016060987559865535
    ],
    [
      0.3680692955287693
    ],
    [
      0.2833513009003722
    ]
  ],
  "tvec": [
    [
      -0.026649847711931685
    ],
    [
      -0.06566756212633704
    ],
    [
      0.1771213016286026
    ]
  ],
  "pose_index": 16,
  "timestamp": "2025-07-29_20-43-58",
  "charuco_corners_count": 32,
  "charuco_ids_count": 32,
  "distance_mm": 190.7731600338368,
  "quality_score": 1.1889519157098536,
  "detection_method": "charuco_corners"
}