{
  "rvec": [
    [
      0.12010837189679678
    ],
    [
      0.46942178833239323
    ],
    [
      0.03847053467800237
    ]
  ],
  "tvec": [
    [
      -0.024935328870882192
    ],
    [
      -0.06396771564680064
    ],
    [
      0.19818881948923336
    ]
  ],
  "pose_index": 17,
  "timestamp": "2025-07-29_20-44-13",
  "charuco_corners_count": 34,
  "charuco_ids_count": 34,
  "distance_mm": 209.7437661564818,
  "quality_score": 1.184762870878893,
  "detection_method": "charuco_corners"
}