{
  "rvec": [
    [
      0.14012507231772836
    ],
    [
      0.41353473060024004
    ],
    [
      -0.2061900926951745
    ]
  ],
  "tvec": [
    [
      -0.06827024668007513
    ],
    [
      -0.04662033103547705
    ],
    [
      0.20344198223917015
    ]
  ],
  "pose_index": 18,
  "timestamp": "2025-07-29_20-44-21",
  "charuco_corners_count": 38,
  "charuco_ids_count": 38,
  "distance_mm": 219.59718118641368,
  "quality_score": 1.243753483239976,
  "detection_method": "charuco_corners"
}