{
  "rvec": [
    [
      -0.2864146668998292
    ],
    [
      -1.570220070365268
    ],
    [
      -0.29189592011709686
    ]
  ],
  "tvec": [
    [
      -0.022711701986060363
    ],
    [
      -0.05642536575682733
    ],
    [
      0.12679372121664517
    ]
  ],
  "pose_index": 19,
  "timestamp": "2025-07-29_20-44-37",
  "charuco_corners_count": 87,
  "charuco_ids_count": 87,
  "distance_mm": 140.62820146705886,
  "quality_score": 1.4049999999999998,
  "detection_method": "charuco_corners"
}