{
  "rvec": [
    [
      -0.42099596876578416
    ],
    [
      -1.5672475890830755
    ],
    [
      -0.01512111621379407
    ]
  ],
  "tvec": [
    [
      -0.01511472924162255
    ],
    [
      -0.02887225385368511
    ],
    [
      0.15064619432987553
    ]
  ],
  "pose_index": 20,
  "timestamp": "2025-07-29_20-44-50",
  "charuco_corners_count": 82,
  "charuco_ids_count": 82,
  "distance_mm": 154.13091172348854,
  "quality_score": 1.7264592185227239,
  "detection_method": "charuco_corners"
}