{
  "rvec": [
    [
      -0.05078057037411039
    ],
    [
      -1.5531598783210145
    ],
    [
      -0.10749278955346016
    ]
  ],
  "tvec": [
    [
      -0.014324762656247552
    ],
    [
      -0.07721661155510598
    ],
    [
      0.1829715638458848
    ]
  ],
  "pose_index": 21,
  "timestamp": "2025-07-29_20-45-03",
  "charuco_corners_count": 76,
  "charuco_ids_count": 76,
  "distance_mm": 199.11352817279555,
  "quality_score": 1.5979026901376037,
  "detection_method": "charuco_corners"
}