{
  "rvec": [
    [
      -0.007544362126810931
    ],
    [
      -1.4912713819405543
    ],
    [
      -0.22025096276858408
    ]
  ],
  "tvec": [
    [
      -0.010605948891799567
    ],
    [
      -0.09285468728356258
    ],
    [
      0.17784806356014327
    ]
  ],
  "pose_index": 22,
  "timestamp": "2025-07-29_20-45-19",
  "charuco_corners_count": 76,
  "charuco_ids_count": 76,
  "distance_mm": 200.90896648610888,
  "quality_score": 1.5963637430119066,
  "detection_method": "charuco_corners"
}