{
  "rvec": [
    [
      -0.2099796431500399
    ],
    [
      -1.5313865047804531
    ],
    [
      -0.4368887528500947
    ]
  ],
  "tvec": [
    [
      -0.03960090446976898
    ],
    [
      -0.08600134004457034
    ],
    [
      0.17511240673854706
    ]
  ],
  "pose_index": 23,
  "timestamp": "2025-07-29_20-45-34",
  "charuco_corners_count": 72,
  "charuco_ids_count": 72,
  "distance_mm": 199.06987998703352,
  "quality_score": 1.537940102868257,
  "detection_method": "charuco_corners"
}