{
  "rvec": [
    [
      -0.21528389410672658
    ],
    [
      -1.5231823770563644
    ],
    [
      -0.14042497189339434
    ]
  ],
  "tvec": [
    [
      -0.022175086024483332
    ],
    [
      -0.05925206898170084
    ],
    [
      0.19755651885256068
    ]
  ],
  "pose_index": 24,
  "timestamp": "2025-07-29_20-45-43",
  "charuco_corners_count": 69,
  "charuco_ids_count": 69,
  "distance_mm": 207.4394375714214,
  "quality_score": 1.485766196367353,
  "detection_method": "charuco_corners"
}