{
  "rvec": [
    [
      0.43769434264779805
    ],
    [
      0.2419263992255883
    ],
    [
      0.061274806437448065
    ]
  ],
  "tvec": [
    [
      -0.006949467442751779
    ],
    [
      -0.04383138704850234
    ],
    [
      0.533513256022559
    ]
  ],
  "pose_index": 0,
  "timestamp": "2025-07-28_16-55-09",
  "quality_score": 0.4
}