{
  "rvec": [
    [
      0.5450418347107904
    ],
    [
      0.019357875112673867
    ],
    [
      0.07956339693437979
    ]
  ],
  "tvec": [
    [
      -0.10140519649106981
    ],
    [
      -0.08568013437610177
    ],
    [
      0.5839927058532698
    ]
  ],
  "pose_index": 0,
  "timestamp": "2025-07-28_16-23-33",
  "quality_score": 0.4
}