{
  "rvec": [
    [
      0.3536242598787946
    ],
    [
      0.5933125605701746
    ],
    [
      0.08637830600187733
    ]
  ],
  "tvec": [
    [
      0.0996461121288738
    ],
    [
      0.0008768014628399218
    ],
    [
      0.5751941295153541
    ]
  ],
  "pose_index": 1,
  "timestamp": "2025-07-28_16-23-53",
  "quality_score": 0.4
}