{
  "rvec": [
    [
      -0.08320085069585303
    ],
    [
      -0.03786604815208522
    ],
    [
      0.10405094295369352
    ]
  ],
  "tvec": [
    [
      0.10703231020182775
    ],
    [
      -0.0330212950875571
    ],
    [
      0.589161294483697
    ]
  ],
  "pose_index": 1,
  "timestamp": "2025-07-28_16-55-23",
  "quality_score": 0.4
}