{
  "rvec": [
    [
      -0.15453335799481416
    ],
    [
      -0.2124644268205513
    ],
    [
      0.19371586956308207
    ]
  ],
  "tvec": [
    [
      0.11651119680748624
    ],
    [
      -0.021513286884145163
    ],
    [
      0.5652624547139093
    ]
  ],
  "pose_index": 2,
  "timestamp": "2025-07-28_16-55-35",
  "quality_score": 0.4
}