{
  "rvec": [
    [
      -0.05917003477822028
    ],
    [
      -0.47284135711766856
    ],
    [
      -0.03726182017495012
    ]
  ],
  "tvec": [
    [
      -0.18754755959323666
    ],
    [
      -0.07475548410638012
    ],
    [
      0.6153469048230211
    ]
  ],
  "pose_index": 2,
  "timestamp": "2025-07-28_16-24-52",
  "quality_score": 0.4
}