{
  "rvec": [
    [
      0.4678043568024521
    ],
    [
      -0.04031612310545732
    ],
    [
      0.10644974995635588
    ]
  ],
  "tvec": [
    [
      -0.1446065568403487
    ],
    [
      -0.07122843388625762
    ],
    [
      0.5798256610577646
    ]
  ],
  "pose_index": 3,
  "timestamp": "2025-07-28_16-25-01",
  "quality_score": 0.4
}