{
  "rvec": [
    [
      0.39987355907255256
    ],
    [
      0.6022326585795856
    ],
    [
      0.14603521294479727
    ]
  ],
  "tvec": [
    [
      0.15283306144703937
    ],
    [
      0.01700212464806234
    ],
    [
      0.5431008075856959
    ]
  ],
  "pose_index": 3,
  "timestamp": "2025-07-28_16-55-54",
  "quality_score": 0.4
}