{
  "rvec": [
    [
      0.5379804667968425
    ],
    [
      0.2727722888852981
    ],
    [
      -0.06564068127641232
    ]
  ],
  "tvec": [
    [
      0.1523224898790149
    ],
    [
      -0.0185256096032264
    ],
    [
      0.5729475751723851
    ]
  ],
  "pose_index": 4,
  "timestamp": "2025-07-28_16-56-06",
  "quality_score": 0.4
}