{
  "rvec": [
    [
      0.6240262372517872
    ],
    [
      0.0021460914522843633
    ],
    [
      0.09428867647806802
    ]
  ],
  "tvec": [
    [
      -0.1822635084043546
    ],
    [
      -0.09122395462637202
    ],
    [
      0.5348441281279587
    ]
  ],
  "pose_index": 4,
  "timestamp": "2025-07-28_16-25-15",
  "quality_score": 0.4
}