{
  "rvec": [
    [
      -0.28523425899720767
    ],
    [
      -0.4450657079586213
    ],
    [
      -0.000622192544355692
    ]
  ],
  "tvec": [
    [
      -0.08503587808600863
    ],
    [
      -0.0442745904861403
    ],
    [
      0.5497560905195291
    ]
  ],
  "pose_index": 5,
  "timestamp": "2025-07-28_16-56-19",
  "quality_score": 0.4
}