{
  "rvec": [
    [
      -0.28960445877274477
    ],
    [
      -0.33864649674468605
    ],
    [
      0.011396375458757978
    ]
  ],
  "tvec": [
    [
      -0.007504336998810695
    ],
    [
      -0.005972766678985689
    ],
    [
      0.4574096171285857
    ]
  ],
  "pose_index": 5,
  "timestamp": "2025-07-28_16-25-38",
  "quality_score": 0.4
}