{
  "rvec": [
    [
      0.4723678173193054
    ],
    [
      0.0386514954662018
    ],
    [
      0.03570660292648631
    ]
  ],
  "tvec": [
    [
      -0.11033566257174124
    ],
    [
      -0.045592243376588903
    ],
    [
      0.5820500511833914
    ]
  ],
  "pose_index": 6,
  "timestamp": "2025-07-28_16-56-28",
  "quality_score": 0.4
}