{
  "rvec": [
    [
      -0.19581483180912249
    ],
    [
      -0.3544935911619179
    ],
    [
      -0.013791681626917558
    ]
  ],
  "tvec": [
    [
      0.005496915465443196
    ],
    [
      -0.06122283782450444
    ],
    [
      0.4739411943841933
    ]
  ],
  "pose_index": 6,
  "timestamp": "2025-07-28_16-26-00",
  "quality_score": 0.4
}