{
  "rvec": [
    [
      -0.5222425477054461
    ],
    [
      -0.45245497170838317
    ],
    [
      -0.0027382525702226027
    ]
  ],
  "tvec": [
    [
      -0.02088499881584354
    ],
    [
      0.05280546205007695
    ],
    [
      0.44393206502771815
    ]
  ],
  "pose_index": 7,
  "timestamp": "2025-07-28_16-27-56",
  "quality_score": 0.4
}