{
  "rvec": [
    [
      -0.27266539782167104
    ],
    [
      -0.2580185100732617
    ],
    [
      -0.0927536643676052
    ]
  ],
  "tvec": [
    [
      0.055540589307475054
    ],
    [
      -0.03831800597151302
    ],
    [
      0.5410906205731377
    ]
  ],
  "pose_index": 7,
  "timestamp": "2025-07-28_16-56-42",
  "quality_score": 0.4
}