{
  "rvec": [
    [
      0.5532751698870141
    ],
    [
      0.02174119116761385
    ],
    [
      -0.08470460294528157
    ]
  ],
  "tvec": [
    [
      -0.13174912096410873
    ],
    [
      -0.037584633811698964
    ],
    [
      0.5551831662084138
    ]
  ],
  "pose_index": 8,
  "timestamp": "2025-07-28_16-56-54",
  "quality_score": 0.4
}