{
  "rvec": [
    [
      0.4489139307593454
    ],
    [
      0.16742021802183182
    ],
    [
      -0.047470204918180374
    ]
  ],
  "tvec": [
    [
      -0.11167013498250464
    ],
    [
      -0.049500032525447824
    ],
    [
      0.4289243959455706
    ]
  ],
  "pose_index": 8,
  "timestamp": "2025-07-28_16-28-12",
  "quality_score": 0.4
}