{
  "rvec": [
    [
      -0.2197551073623135
    ],
    [
      -0.4289987136807621
    ],
    [
      0.11141641347734973
    ]
  ],
  "tvec": [
    [
      -0.04136700331934973
    ],
    [
      -0.030337373357883123
    ],
    [
      0.561948761194777
    ]
  ],
  "pose_index": 9,
  "timestamp": "2025-07-28_16-57-04",
  "quality_score": 0.4
}