{
  "rvec": [
    [
      0.1763114588689735
    ],
    [
      0.17254453164385147
    ],
    [
      -0.0014924513435835601
    ]
  ],
  "tvec": [
    [
      -0.07720334466871598
    ],
    [
      0.0875649010985031
    ],
    [
      0.4505835231956081
    ]
  ],
  "pose_index": 9,
  "timestamp": "2025-07-28_16-29-00",
  "quality_score": 0.4
}