{
  "rvec": [
    [
      -0.2026247768572741
    ],
    [
      -0.5142951742600603
    ],
    [
      -0.016123995879174364
    ]
  ],
  "tvec": [
    [
      -0.04052306912382635
    ],
    [
      -0.029721874480090855
    ],
    [
      0.4797117227707138
    ]
  ],
  "pose_index": 10,
  "timestamp": "2025-07-28_16-29-14",
  "quality_score": 0.4
}