{
  "rvec": [
    [
      -0.3037317674508138
    ],
    [
      0.20416802860585434
    ],
    [
      0.09650709972397535
    ]
  ],
  "tvec": [
    [
      -0.0874766970922178
    ],
    [
      -0.05506079447210665
    ],
    [
      0.6666602684253572
    ]
  ],
  "pose_index": 10,
  "timestamp": "2025-07-28_16-57-11",
  "quality_score": 0.4
}