{
  "rvec": [
    [
      -0.05487687268402532
    ],
    [
      -0.46445134251945824
    ],
    [
      -0.03781864930271796
    ]
  ],
  "tvec": [
    [
      -0.013633124461022187
    ],
    [
      -0.05641813434020016
    ],
    [
      0.45998576992044393
    ]
  ],
  "pose_index": 11,
  "timestamp": "2025-07-28_16-29-51",
  "quality_score": 0.4
}