{
  "rvec": [
    [
      0.24432686006062918
    ],
    [
      0.31280209920665325
    ],
    [
      0.040471003767182955
    ]
  ],
  "tvec": [
    [
      -0.0029335833689268444
    ],
    [
      0.10153804694505258
    ],
    [
      0.545695579468176
    ]
  ],
  "pose_index": 11,
  "timestamp": "2025-07-28_16-57-17",
  "quality_score": 0.4
}