{
  "rvec": [
    [
      -0.18996630894053185
    ],
    [
      -0.28630834282713336
    ],
    [
      -0.033573302841616956
    ]
  ],
  "tvec": [
    [
      0.012205010860389926
    ],
    [
      -0.06192950664679653
    ],
    [
      0.4584646246387892
    ]
  ],
  "pose_index": 12,
  "timestamp": "2025-07-28_16-30-16",
  "quality_score": 0.4
}