{
  "rvec": [
    [
      0.4226768927071621
    ],
    [
      0.28705022309883765
    ],
    [
      0.07975282024843815
    ]
  ],
  "tvec": [
    [
      0.005319515709197996
    ],
    [
      -0.028956667968577134
    ],
    [
      0.5855281733507456
    ]
  ],
  "pose_index": 12,
  "timestamp": "2025-07-28_16-57-27",
  "quality_score": 0.4
}