{
  "rvec": [
    [
      0.2610284778621141
    ],
    [
      -0.07335886028608019
    ],
    [
      0.068283006812519
    ]
  ],
  "tvec": [
    [
      0.08347613691523431
    ],
    [
      -0.05035023177570109
    ],
    [
      0.6305814706386944
    ]
  ],
  "pose_index": 13,
  "timestamp": "2025-07-28_16-31-52",
  "quality_score": 0.4
}