{
  "rvec": [
    [
      0.3193001066160779
    ],
    [
      0.2911647996214943
    ],
    [
      0.10667340380870746
    ]
  ],
  "tvec": [
    [
      -0.06657969648458646
    ],
    [
      0.018620138322796066
    ],
    [
      0.5629154178785855
    ]
  ],
  "pose_index": 13,
  "timestamp": "2025-07-28_16-57-36",
  "quality_score": 0.4
}