{
  "rvec": [
    [
      0.28087557032037197
    ],
    [
      -0.15608193398934936
    ],
    [
      0.09043576686936208
    ]
  ],
  "tvec": [
    [
      -0.10733196324730954
    ],
    [
      -0.07275298703818338
    ],
    [
      0.620323151499322
    ]
  ],
  "pose_index": 14,
  "timestamp": "2025-07-28_16-32-10",
  "quality_score": 0.4
}