{
  "rvec": [
    [
      0.5013024928915571
    ],
    [
      -0.06586900955157325
    ],
    [
      0.06352776463539211
    ]
  ],
  "tvec": [
    [
      -0.1465999232453901
    ],
    [
      -0.07065849947615703
    ],
    [
      0.5318885774865202
    ]
  ],
  "pose_index": 14,
  "timestamp": "2025-07-28_16-57-53",
  "quality_score": 0.4
}