{
  "rvec": [
    [
      0.15269077986391918
    ],
    [
      0.06118568455965876
    ],
    [
      -0.05423943570356688
    ]
  ],
  "tvec": [
    [
      -0.12128346392169738
    ],
    [
      0.10796070622842624
    ],
    [
      0.5321739808808835
    ]
  ],
  "pose_index": 15,
  "timestamp": "2025-07-28_16-32-28",
  "quality_score": 0.4
}