{
  "rvec": [
    [
      0.3701996613115265
    ],
    [
      0.05225311811143783
    ],
    [
      0.028393764868502917
    ]
  ],
  "tvec": [
    [
      -0.1154814110683341
    ],
    [
      0.010884575694761311
    ],
    [
      0.557186140952075
    ]
  ],
  "pose_index": 15,
  "timestamp": "2025-07-28_16-58-05",
  "quality_score": 0.4
}