{
  "rvec": [
    [
      -0.0823745298991833
    ],
    [
      -0.317060618405728
    ],
    [
      0.002407535224481266
    ]
  ],
  "tvec": [
    [
      0.04855875994086319
    ],
    [
      -0.09519846782239104
    ],
    [
      0.5224694427508693
    ]
  ],
  "pose_index": 16,
  "timestamp": "2025-07-28_16-32-51",
  "quality_score": 0.4
}