{
  "rvec": [
    [
      0.4766113203645903
    ],
    [
      0.5373078268387361
    ],
    [
      -0.08753521527441276
    ]
  ],
  "tvec": [
    [
      0.1442151698429025
    ],
    [
      0.014838234159842619
    ],
    [
      0.5395728104310819
    ]
  ],
  "pose_index": 16,
  "timestamp": "2025-07-28_16-58-16",
  "quality_score": 0.4
}