{
  "rvec": [
    [
      -0.4210888368654913
    ],
    [
      -0.18185307383714489
    ],
    [
      0.10836428057970679
    ]
  ],
  "tvec": [
    [
      0.10569346420731596
    ],
    [
      0.05865507675640775
    ],
    [
      0.5172402257343557
    ]
  ],
  "pose_index": 17,
  "timestamp": "2025-07-28_16-58-27",
  "quality_score": 0.4
}