{
  "rvec": [
    [
      0.025857265444500854
    ],
    [
      -0.2847772148299234
    ],
    [
      -0.024727678206909406
    ]
  ],
  "tvec": [
    [
      0.062398418861878996
    ],
    [
      -0.08433200130621575
    ],
    [
      0.524898812138058
    ]
  ],
  "pose_index": 17,
  "timestamp": "2025-07-28_16-33-05",
  "quality_score": 0.4
}