{
  "rvec": [
    [
      0.3454648566493592
    ],
    [
      0.21372657770384149
    ],
    [
      0.04554878574750668
    ]
  ],
  "tvec": [
    [
      -0.012379078370414695
    ],
    [
      0.05923583590176931
    ],
    [
      0.582049114536338
    ]
  ],
  "pose_index": 18,
  "timestamp": "2025-07-28_16-58-41",
  "quality_score": 0.4
}