{
  "rvec": [
    [
      -0.2376685948545624
    ],
    [
      -0.5929897849509
    ],
    [
      -0.14801648980603765
    ]
  ],
  "tvec": [
    [
      -0.08085941297836603
    ],
    [
      -0.07781535120357994
    ],
    [
      0.5064750759436137
    ]
  ],
  "pose_index": 18,
  "timestamp": "2025-07-28_16-33-28",
  "quality_score": 0.4
}