{
  "rvec": [
    [
      0.386486650450943
    ],
    [
      -0.10900203941964456
    ],
    [
      -0.06410199785733992
    ]
  ],
  "tvec": [
    [
      -0.1722089388150317
    ],
    [
      -0.027324973727158638
    ],
    [
      0.5660852109812348
    ]
  ],
  "pose_index": 19,
  "timestamp": "2025-07-28_16-33-36",
  "quality_score": 0.4
}