{
  "rvec": [
    [
      -0.05255716421214408
    ],
    [
      -0.13712525101354453
    ],
    [
      -0.004692199138449802
    ]
  ],
  "tvec": [
    [
      -0.07273499049969857
    ],
    [
      -0.08276757518721002
    ],
    [
      0.5388204972265394
    ]
  ],
  "pose_index": 19,
  "timestamp": "2025-07-28_16-59-09",
  "quality_score": 0.4
}