{
  "rvec": [
    [
      -0.347358443291962
    ],
    [
      -0.3883203620027099
    ],
    [
      -0.10451325033469729
    ]
  ],
  "tvec": [
    [
      -0.04365284747228351
    ],
    [
      0.04481786871583756
    ],
    [
      0.49410733661573947
    ]
  ],
  "pose_index": 20,
  "timestamp": "2025-07-28_17-00-19",
  "quality_score": 0.4
}