{
  "rvec": [
    [
      0.515250099100975
    ],
    [
      0.08875630421239032
    ],
    [
      0.052595854948527025
    ]
  ],
  "tvec": [
    [
      -0.15535574154763612
    ],
    [
      -0.009826738548108572
    ],
    [
      0.5081604306381827
    ]
  ],
  "pose_index": 20,
  "timestamp": "2025-07-28_16-33-42",
  "quality_score": 0.4
}