{
  "rvec": [
    [
      0.5109100953429906
    ],
    [
      0.3689592052818248
    ],
    [
      -0.0009337581683655795
    ]
  ],
  "tvec": [
    [
      0.017609680463616665
    ],
    [
      -0.05005752669447967
    ],
    [
      0.5647018698675832
    ]
  ],
  "pose_index": 21,
  "timestamp": "2025-07-28_16-33-50",
  "quality_score": 0.4
}