{
  "rvec": [
    [
      -0.2425224855691395
    ],
    [
      -0.5845280339436768
    ],
    [
      0.11599098333265111
    ]
  ],
  "tvec": [
    [
      -0.07376094716295506
    ],
    [
      0.02958978202560338
    ],
    [
      0.46296642007247757
    ]
  ],
  "pose_index": 21,
  "timestamp": "2025-07-28_17-00-27",
  "quality_score": 0.4
}