{
  "rvec": [
    [
      0.461327566261951
    ],
    [
      0.3594848125264369
    ],
    [
      0.015150088275790615
    ]
  ],
  "tvec": [
    [
      0.03644712469306012
    ],
    [
      0.008659431394492429
    ],
    [
      0.572962521443207
    ]
  ],
  "pose_index": 22,
  "timestamp": "2025-07-28_16-33-56",
  "quality_score": 0.4
}