{
  "rvec": [
    [
      -0.37205790896831764
    ],
    [
      -0.453097285477575
    ],
    [
      -0.18434656266295732
    ]
  ],
  "tvec": [
    [
      -0.08149378284532395
    ],
    [
      0.05175490912321938
    ],
    [
      0.5542789537428967
    ]
  ],
  "pose_index": 22,
  "timestamp": "2025-07-28_17-01-18",
  "quality_score": 0.4
}