{
  "rvec": [
    [
      -0.08254628187298879
    ],
    [
      -0.389613963929597
    ],
    [
      -0.02893410124810791
    ]
  ],
  "tvec": [
    [
      0.04065036783679429
    ],
    [
      -0.10100645762766772
    ],
    [
      0.48663283257595463
    ]
  ],
  "pose_index": 23,
  "timestamp": "2025-07-28_16-34-07",
  "quality_score": 0.4
}