{
  "rvec": [
    [
      -0.24337630758062337
    ],
    [
      -0.5887634076722903
    ],
    [
      -0.15016169767618176
    ]
  ],
  "tvec": [
    [
      -0.12765441909336592
    ],
    [
      0.07008088064138862
    ],
    [
      0.5238726127697376
    ]
  ],
  "pose_index": 23,
  "timestamp": "2025-07-28_17-01-30",
  "quality_score": 0.4
}