{
  "rvec": [
    [
      0.5134151929282728
    ],
    [
      0.6855128274718222
    ],
    [
      0.07688618237773984
    ]
  ],
  "tvec": [
    [
      0.13313681513519582
    ],
    [
      -0.025802618556135987
    ],
    [
      0.4817576608273253
    ]
  ],
  "pose_index": 24,
  "timestamp": "2025-07-28_17-01-50",
  "quality_score": 0.4
}