{
  "rvec": [
    [
      0.582199893646329
    ],
    [
      0.22527449821166431
    ],
    [
      0.010906764707831255
    ]
  ],
  "tvec": [
    [
      -0.07224616807932753
    ],
    [
      -0.09013828820783051
    ],
    [
      0.48418332159158234
    ]
  ],
  "pose_index": 24,
  "timestamp": "2025-07-28_16-34-19",
  "quality_score": 0.4
}