{
  "rvec": [
    [
      0.06504951924041803
    ],
    [
      -0.334889808084214
    ],
    [
      -0.07301247727084258
    ]
  ],
  "tvec": [
    [
      -0.029532457762150664
    ],
    [
      -0.05740611153621925
    ],
    [
      0.35786606613320143
    ]
  ],
  "pose_index": 0,
  "timestamp": "2025-07-28_09-19-09"
}