{
  "rvec": [
    [
      0.5771518003616514
    ],
    [
      -1.0139945859729678
    ],
    [
      -0.07083947130292513
    ]
  ],
  "tvec": [
    [
      -0.20636986547364441
    ],
    [
      -0.1364906827331937
    ],
    [
      0.3364722843360245
    ]
  ],
  "pose_index": 3,
  "timestamp": "2025-07-28_09-19-31"
}