{
  "rvec": [
    [
      -0.14361158027012885
    ],
    [
      0.07058284193164736
    ],
    [
      -0.04958741479580429
    ]
  ],
  "tvec": [
    [
      -0.023932068571662395
    ],
    [
      -0.07512534917463827
    ],
    [
      0.3778382416731627
    ]
  ],
  "pose_index": 4,
  "timestamp": "2025-07-28_09-19-38"
}