{
  "rvec": [
    [
      -0.0021448512898096022
    ],
    [
      0.1732539723538962
    ],
    [
      0.32201242221166454
    ]
  ],
  "tvec": [
    [
      0.026049709138178043
    ],
    [
      -0.12447441753314518
    ],
    [
      0.3480227632127147
    ]
  ],
  "pose_index": 7,
  "timestamp": "2025-07-28_09-20-01"
}