{
  "rvec": [
    [
      0.06442811050014931
    ],
    [
      0.3584821032671467
    ],
    [
      0.011246825336705348
    ]
  ],
  "tvec": [
    [
      -0.0006978118389837718
    ],
    [
      -0.10726126478114888
    ],
    [
      0.3977163921195359
    ]
  ],
  "pose_index": 19,
  "timestamp": "2025-07-28_09-21-41"
}