{
  "rvec": [
    [
      0.11767007712409204
    ],
    [
      0.04829669647214042
    ],
    [
      0.013798031475234472
    ]
  ],
  "tvec": [
    [
      0.0631539630579458
    ],
    [
      -0.15923618848779708
    ],
    [
      0.3899930649724888
    ]
  ],
  "pose_index": 0,
  "timestamp": "2025-07-28_14-33-12"
}