{
  "rvec": [
    [
      0.7124811636258184
    ],
    [
      0.5206348073474132
    ],
    [
      0.013527932019988621
    ]
  ],
  "tvec": [
    [
      0.12013144738201664
    ],
    [
      -0.16687165054465397
    ],
    [
      0.35016973222076725
    ]
  ],
  "pose_index": 1,
  "timestamp": "2025-07-28_14-33-20"
}