{
  "rvec": [
    [
      0.7358883334104857
    ],
    [
      0.516606056410766
    ],
    [
      -0.011517579589666507
    ]
  ],
  "tvec": [
    [
      0.11766505502760204
    ],
    [
      -0.12570832215983502
    ],
    [
      0.2956134196269492
    ]
  ],
  "pose_index": 2,
  "timestamp": "2025-07-28_14-33-27"
}