{
  "rvec": [
    [
      0.13010727998673755
    ],
    [
      0.016369132980495284
    ],
    [
      -0.0011728907376173513
    ]
  ],
  "tvec": [
    [
      0.08953173630674914
    ],
    [
      -0.016288129919705185
    ],
    [
      0.27675401389357873
    ]
  ],
  "pose_index": 3,
  "timestamp": "2025-07-28_14-33-34"
}