{
  "rvec": [
    [
      0.14626046480503158
    ],
    [
      0.037026720381051134
    ],
    [
      -0.026939024926280017
    ]
  ],
  "tvec": [
    [
      0.07329743335283381
    ],
    [
      -0.05519695667878169
    ],
    [
      0.22245575288322514
    ]
  ],
  "pose_index": 4,
  "timestamp": "2025-07-28_14-33-42"
}