{
  "rvec": [
    [
      0.036152774032462476
    ],
    [
      -0.08388952998414947
    ],
    [
      0.047158629082512525
    ]
  ],
  "tvec": [
    [
      0.049803243643962526
    ],
    [
      0.02633314153579678
    ],
    [
      0.26616231774399807
    ]
  ],
  "pose_index": 5,
  "timestamp": "2025-07-28_14-33-49"
}