{
  "rvec": [
    [
      0.10402442994324823
    ],
    [
      0.04387005479268879
    ],
    [
      0.22431258239433569
    ]
  ],
  "tvec": [
    [
      0.1311491879722072
    ],
    [
      -0.09834290243792551
    ],
    [
      0.25710807797285384
    ]
  ],
  "pose_index": 6,
  "timestamp": "2025-07-28_14-33-56"
}