{
  "rvec": [
    [
      -0.006236257871091261
    ],
    [
      0.20050942957757323
    ],
    [
      -0.08568533734993553
    ]
  ],
  "tvec": [
    [
      0.019307534257927184
    ],
    [
      -0.012742971093060561
    ],
    [
      0.26145920925703364
    ]
  ],
  "pose_index": 7,
  "timestamp": "2025-07-28_14-34-04"
}