{
  "rvec": [
    [
      0.21335476043487434
    ],
    [
      -0.04956422811573853
    ],
    [
      -0.23656414584744512
    ]
  ],
  "tvec": [
    [
      0.008173337488985778
    ],
    [
      -0.06396487339330552
    ],
    [
      0.2606126494990997
    ]
  ],
  "pose_index": 8,
  "timestamp": "2025-07-28_14-34-11"
}