{
  "rvec": [
    [
      0.735119865863735
    ],
    [
      0.22144500055217245
    ],
    [
      0.006642007290388399
    ]
  ],
  "tvec": [
    [
      0.033794547278939324
    ],
    [
      -0.1070116346908989
    ],
    [
      0.24465134893693227
    ]
  ],
  "pose_index": 9,
  "timestamp": "2025-07-28_14-34-18"
}