{
  "rvec": [
    [
      0.8683998512889937
    ],
    [
      0.6380468755856077
    ],
    [
      -0.09714108484892821
    ]
  ],
  "tvec": [
    [
      0.10081365378313376
    ],
    [
      -0.1283902547353309
    ],
    [
      0.24442308583478323
    ]
  ],
  "pose_index": 10,
  "timestamp": "2025-07-28_14-34-26"
}