{
  "rvec": [
    [
      -0.28712172340434045
    ],
    [
      0.12337100971668694
    ],
    [
      0.00832118699767964
    ]
  ],
  "tvec": [
    [
      0.05945231977958023
    ],
    [
      0.023745178377886565
    ],
    [
      0.26258234807609165
    ]
  ],
  "pose_index": 11,
  "timestamp": "2025-07-28_14-34-33"
}