{
  "rvec": [
    [
      0.04935333287771902
    ],
    [
      0.15002111761687306
    ],
    [
      -0.07819065232323022
    ]
  ],
  "tvec": [
    [
      -0.05734853122495806
    ],
    [
      0.02682409429970077
    ],
    [
      0.2691845081896722
    ]
  ],
  "pose_index": 12,
  "timestamp": "2025-07-28_14-34-40"
}