{
  "rvec": [
    [
      0.09224743590646067
    ],
    [
      -0.08144491463159327
    ],
    [
      -0.04968287214658055
    ]
  ],
  "tvec": [
    [
      -0.09320065932720385
    ],
    [
      -0.07618741952167687
    ],
    [
      0.260228816037614
    ]
  ],
  "pose_index": 13,
  "timestamp": "2025-07-28_14-34-48"
}