{
  "rvec": [
    [
      0.14339264239075383
    ],
    [
      0.017442425064526607
    ],
    [
      -0.0011136607958141978
    ]
  ],
  "tvec": [
    [
      0.07112406550504795
    ],
    [
      -0.01999563641941213
    ],
    [
      0.2575274831025591
    ]
  ],
  "pose_index": 14,
  "timestamp": "2025-07-28_14-34-55"
}