{
  "rvec": [
    [
      0.7583699650791327
    ],
    [
      0.655014757538416
    ],
    [
      -0.01940419297977877
    ]
  ],
  "tvec": [
    [
      0.09879005709083506
    ],
    [
      -0.12836785199327233
    ],
    [
      0.2515021313102766
    ]
  ],
  "pose_index": 15,
  "timestamp": "2025-07-28_14-35-02"
}