{
  "rvec": [
    [
      0.21232688872847394
    ],
    [
      0.09987121388439922
    ],
    [
      -0.051091444549581165
    ]
  ],
  "tvec": [
    [
      0.0308813836610879
    ],
    [
      0.007350278961694263
    ],
    [
      0.2697287683821861
    ]
  ],
  "pose_index": 16,
  "timestamp": "2025-07-28_14-35-09"
}