{
  "rvec": [
    [
      0.025241457601528364
    ],
    [
      0.10121207359121939
    ],
    [
      -0.02541873949519133
    ]
  ],
  "tvec": [
    [
      0.021310056224155483
    ],
    [
      0.02749985952880652
    ],
    [
      0.28344925883705857
    ]
  ],
  "pose_index": 17,
  "timestamp": "2025-07-28_14-35-17"
}