{
  "rvec": [
    [
      0.06396852568448222
    ],
    [
      0.2812484566344791
    ],
    [
      0.03466078505593969
    ]
  ],
  "tvec": [
    [
      0.17013833534162243
    ],
    [
      -0.0888039562804671
    ],
    [
      0.25628068863404996
    ]
  ],
  "pose_index": 18,
  "timestamp": "2025-07-28_14-35-24"
}