{
  "rvec": [
    [
      0.11513186687697068
    ],
    [
      0.12219892956502632
    ],
    [
      0.020252745214989282
    ]
  ],
  "tvec": [
    [
      -0.038875622400310283
    ],
    [
      -0.056949121660811876
    ],
    [
      0.28103571482463
    ]
  ],
  "pose_index": 19,
  "timestamp": "2025-07-28_14-35-31"
}