{
  "rvec": [
    [
      -0.015796204554901723
    ],
    [
      -0.008655346292409242
    ],
    [
      -0.04147504880043836
    ]
  ],
  "tvec": [
    [
      0.000930943619779381
    ],
    [
      0.010270196908413912
    ],
    [
      0.3014814592327516
    ]
  ],
  "pose_index": 20,
  "timestamp": "2025-07-28_14-35-39"
}