{
  "rvec": [
    [
      -0.1437971673777384
    ],
    [
      -1.1550680548780632
    ],
    [
      0.008029327059413685
    ]
  ],
  "tvec": [
    [
      -0.20923245366095922
    ],
    [
      0.030636609850852196
    ],
    [
      0.2810260957033136
    ]
  ],
  "pose_index": 21,
  "timestamp": "2025-07-28_14-35-46"
}