{
  "rvec": [
    [
      -0.004223490282283739
    ],
    [
      0.01577994267620292
    ],
    [
      -0.0552447310169246
    ]
  ],
  "tvec": [
    [
      0.09916037530893439
    ],
    [
      0.010851208614647946
    ],
    [
      0.40030032257441117
    ]
  ],
  "pose_index": 22,
  "timestamp": "2025-07-28_14-35-53"
}