{
  "rvec": [
    [
      -0.12169580600846555
    ],
    [
      -0.11346710288635123
    ],
    [
      -0.00024081908655224278
    ]
  ],
  "tvec": [
    [
      0.06694116160957587
    ],
    [
      0.01471448750798903
    ],
    [
      0.37950047477361665
    ]
  ],
  "pose_index": 23,
  "timestamp": "2025-07-28_14-36-01"
}