{
  "rvec": [
    [
      0.52690705626778
    ],
    [
      0.47044308115885225
    ],
    [
      0.03649674095881581
    ]
  ],
  "tvec": [
    [
      0.08059531291269037
    ],
    [
      -0.15671847409349612
    ],
    [
      0.3004162695948463
    ]
  ],
  "pose_index": 24,
  "timestamp": "2025-07-28_14-36-08"
}