{
  "R_base2ee": [
    [
      -0.10585373754482347,
      -0.9905839485745453,
      0.0868241157412745
    ],
    [
      -0.9937812834967281,
      0.10235196354280957,
      -0.043850155421926926
    ],
    [
      0.03455064137447227,
      -0.09092588402316462,
      -0.9952581257117264
    ]
  ],
  "t_base2ee": [
    [
      80.9
    ],
    [
      -67.5
    ],
    [
      295.4
    ]
  ],
  "angles": [
    0.0,
    1.31,
    -3.51,
    -82.61,
    -2.28,
    5.0
  ],
  "pose_index": 0,
  "timestamp": "2025-07-28_14-33-12"
}