{
  "R_base2ee": [
    [
      -0.10172423609518787,
      -0.9942447697419798,
      0.0336082970643847
    ],
    [
      -0.9945499067020072,
      0.10086293852814127,
      -0.026403611694183166
    ],
    [
      0.022861821228399245,
      -0.036111015939541906,
      -0.9990862483579358
    ]
  ],
  "t_base2ee": [
    [
      87.6
    ],
    [
      -66.8
    ],
    [
      266.6
    ]
  ],
  "angles": [
    0.0,
    22.85,
    -55.63,
    -52.64,
    -0.96,
    5.44
  ],
  "pose_index": 1,
  "timestamp": "2025-07-28_14-33-20"
}