{
  "R_base2ee": [
    [
      -0.1064150425051462,
      -0.9935320832000308,
      0.03962118600995176
    ],
    [
      -0.9941085199300261,
      0.10548243579177775,
      -0.024934039824429852
    ],
    [
      0.0205934293200695,
      -0.04204111548996711,
      -0.9989036266213066
    ]
  ],
  "t_base2ee": [
    [
      122.9
    ],
    [
      -67.1
    ],
    [
      220.7
    ]
  ],
  "angles": [
    -0.08,
    23.37,
    -91.31,
    -17.57,
    -1.75,
    5.71
  ],
  "pose_index": 2,
  "timestamp": "2025-07-28_14-33-27"
}