{
  "R_base2ee": [
    [
      -0.10173799701987987,
      -0.9887137766462439,
      0.10997475997838871
    ],
    [
      -0.9946844461873245,
      0.09933666478308385,
      -0.02711235037374079
    ],
    [
      0.01588182846520415,
      -0.11214853944521312,
      -0.9935645286668136
    ]
  ],
  "t_base2ee": [
    [
      88.1
    ],
    [
      -66.8
    ],
    [
      186.4
    ]
  ],
  "angles": [
    -0.61,
    49.48,
    -124.1,
    -6.85,
    -2.1,
    5.44
  ],
  "pose_index": 3,
  "timestamp": "2025-07-28_14-33-34"
}