{
  "R_base2ee": [
    [
      -0.12927055779678842,
      -0.9895684072713766,
      0.06358844405470267
    ],
    [
      -0.9899167965120759,
      0.12503914314730866,
      -0.06655785952279568
    ],
    [
      0.05791251048069435,
      -0.0715512404600907,
      -0.9957542674367234
    ]
  ],
  "t_base2ee": [
    [
      112.6
    ],
    [
      -69.0
    ],
    [
      139.9
    ]
  ],
  "angles": [
    0.0,
    25.04,
    -143.87,
    33.57,
    -4.83,
    6.67
  ],
  "pose_index": 4,
  "timestamp": "2025-07-28_14-33-42"
}