{
  "R_base2ee": [
    [
      -0.06852988750859544,
      -0.9930676786963972,
      0.09549994788798807
    ],
    [
      -0.994995496806826,
      0.06105660499215749,
      -0.07909521048059337
    ],
    [
      0.07271599447299729,
      -0.10044240397053843,
      -0.9922820705990925
    ]
  ],
  "t_base2ee": [
    [
      113.3
    ],
    [
      -69.6
    ],
    [
      170.9
    ]
  ],
  "angles": [
    0.0,
    33.31,
    -127.79,
    12.04,
    -4.83,
    2.63
  ],
  "pose_index": 5,
  "timestamp": "2025-07-28_14-33-49"
}