{
  "R_base2ee": [
    [
      0.09824523349804125,
      -0.9911482088286122,
      0.08929222939735104
    ],
    [
      -0.9912923678984993,
      -0.10537366116042256,
      -0.07896728993599103
    ],
    [
      0.08767733710088238,
      -0.08075654567576714,
      -0.9928701148133203
    ]
  ],
  "t_base2ee": [
    [
      113.0
    ],
    [
      -69.6
    ],
    [
      170.6
    ]
  ],
  "angles": [
    0.0,
    33.31,
    -127.79,
    12.3,
    -4.83,
    -7.03
  ],
  "pose_index": 6,
  "timestamp": "2025-07-28_14-33-56"
}