{
  "R_base2ee": [
    [
      -0.19585233218722525,
      -0.979127286297932,
      0.05432882479561234
    ],
    [
      -0.9783676952661544,
      0.19133583795324544,
      -0.07865907432917478
    ],
    [
      0.06662219477334869,
      -0.06855913025685913,
      -0.995420076561652
    ]
  ],
  "t_base2ee": [
    [
      111.1
    ],
    [
      -69.6
    ],
    [
      168.1
    ]
  ],
  "angles": [
    0.0,
    33.83,
    -127.79,
    10.28,
    -4.83,
    11.07
  ],
  "pose_index": 7,
  "timestamp": "2025-07-28_14-34-04"
}