{
  "R_base2ee": [
    [
      -0.32586056126724244,
      -0.9441620638741312,
      0.048712336748907195
    ],
    [
      -0.944760524466126,
      0.32328045687101525,
      -0.05401201362435989
    ],
    [
      0.03524834777813186,
      -0.06362187788967595,
      -0.9973513977694637
    ]
  ],
  "t_base2ee": [
    [
      111.0
    ],
    [
      -68.2
    ],
    [
      167.5
    ]
  ],
  "angles": [
    -0.08,
    33.31,
    -127.79,
    9.84,
    -2.72,
    18.63
  ],
  "pose_index": 8,
  "timestamp": "2025-07-28_14-34-11"
}