{
  "R_base2ee": [
    [
      -0.10508984410762676,
      -0.9932793784276152,
      0.04849949541887218
    ],
    [
      -0.9931926465475289,
      0.10236670013975785,
      -0.05558260111232757
    ],
    [
      0.05024431817976955,
      -0.054010509097280314,
      -0.9972754751811069
    ]
  ],
  "t_base2ee": [
    [
      110.9
    ],
    [
      -68.4
    ],
    [
      167.5
    ]
  ],
  "angles": [
    0.0,
    33.31,
    -127.79,
    10.89,
    -4.3,
    4.65
  ],
  "pose_index": 9,
  "timestamp": "2025-07-28_14-34-18"
}