{
  "R_base2ee": [
    [
      -0.17380516481321925,
      -0.981814531320924,
      0.07636747194535264
    ],
    [
      -0.9846930624169281,
      0.17223571023692158,
      -0.026728878524076863
    ],
    [
      0.013089595571344441,
      -0.07984413695605781,
      -0.9967214135762915
    ]
  ],
  "t_base2ee": [
    [
      112.1
    ],
    [
      -67.0
    ],
    [
      169.6
    ]
  ],
  "angles": [
    0.0,
    33.31,
    -127.79,
    12.04,
    -0.43,
    9.66
  ],
  "pose_index": 10,
  "timestamp": "2025-07-28_14-34-26"
}