{
  "R_base2ee": [
    [
      -0.1360038592641468,
      -0.9863816392304635,
      0.0924889834211728
    ],
    [
      -0.9851785374398698,
      0.14450401434724605,
      0.09242207098615529
    ],
    [
      -0.10452846326765347,
      -0.07854840308086933,
      -0.9914151243249963
    ]
  ],
  "t_base2ee": [
    [
      112.9
    ],
    [
      -61.1
    ],
    [
      170.9
    ]
  ],
  "angles": [
    0.0,
    33.31,
    -127.79,
    12.65,
    5.8,
    7.47
  ],
  "pose_index": 11,
  "timestamp": "2025-07-28_14-34-33"
}