{
  "R_base2ee": [
    [
      -0.19035583511765405,
      -0.9776856489867652,
      0.08885621982724785
    ],
    [
      -0.9774740928564424,
      0.18035140726341392,
      -0.10962557955414065
    ],
    [
      0.09115401160198885,
      -0.107722521616577,
      -0.9899933355863719
    ]
  ],
  "t_base2ee": [
    [
      112.6
    ],
    [
      -71.1
    ],
    [
      170.9
    ]
  ],
  "angles": [
    0.0,
    33.75,
    -127.79,
    11.25,
    -7.64,
    10.19
  ],
  "pose_index": 12,
  "timestamp": "2025-07-28_14-34-40"
}