{
  "R_base2ee": [
    [
      -0.1552592388577958,
      -0.9855922500316797,
      0.06710056204525254
    ],
    [
      -0.9704003065037571,
      0.13944189565148538,
      -0.19717809937854308
    ],
    [
      0.1849805770525983,
      -0.09572812760422686,
      -0.9780686641022075
    ]
  ],
  "t_base2ee": [
    [
      111.7
    ],
    [
      -75.3
    ],
    [
      170.0
    ]
  ],
  "angles": [
    0.0,
    33.31,
    -127.79,
    10.89,
    -11.95,
    8.17
  ],
  "pose_index": 13,
  "timestamp": "2025-07-28_14-34-48"
}