{
  "R_base2ee": [
    [
      -0.11290280881039591,
      -0.993162046110649,
      0.02970026814748341
    ],
    [
      -0.9893999119121332,
      0.10962714990491353,
      -0.09523498470619209
    ],
    [
      0.0913278165236978,
      -0.040137739959231006,
      -0.9950116540824931
    ]
  ],
  "t_base2ee": [
    [
      110.0
    ],
    [
      -70.4
    ],
    [
      166.3
    ]
  ],
  "angles": [
    0.0,
    33.31,
    -127.79,
    8.78,
    -4.13,
    6.06
  ],
  "pose_index": 14,
  "timestamp": "2025-07-28_14-34-55"
}