{
  "R_base2ee": [
    [
      -0.13570841262539632,
      -0.9879527807363823,
      0.07438097725860401
    ],
    [
      -0.9894112569105338,
      0.1312429275705192,
      -0.061973047863060425
    ],
    [
      0.051464467756044054,
      -0.08200364015072287,
      -0.995302371925546
    ]
  ],
  "t_base2ee": [
    [
      112.0
    ],
    [
      -68.8
    ],
    [
      169.5
    ]
  ],
  "angles": [
    0.0,
    33.31,
    -127.79,
    12.12,
    -4.13,
    6.5
  ],
  "pose_index": 15,
  "timestamp": "2025-07-28_14-35-02"
}