{
  "R_base2ee": [
    [
      -0.12865049170447615,
      -0.9849438856374299,
      0.11547550878709315
    ],
    [
      -0.9905539167474857,
      0.12205682014232183,
      -0.062490564671475776
    ],
    [
      0.04745512617633112,
      -0.12242415938933954,
      -0.9913426936218384
    ]
  ],
  "t_base2ee": [
    [
      113.7
    ],
    [
      -68.8
    ],
    [
      172.7
    ]
  ],
  "angles": [
    0.0,
    33.31,
    -127.79,
    14.15,
    -4.13,
    5.97
  ],
  "pose_index": 16,
  "timestamp": "2025-07-28_14-35-09"
}