{
  "R_base2ee": [
    [
      -0.14205458931497084,
      -0.9741439986012719,
      0.17568142657571958
    ],
    [
      -0.9882339912656559,
      0.12940488310283524,
      -0.08153499087074716
    ],
    [
      0.05669278756337751,
      -0.18519677701911155,
      -0.9810647693297456
    ]
  ],
  "t_base2ee": [
    [
      116.0
    ],
    [
      -69.7
    ],
    [
      177.7
    ]
  ],
  "angles": [
    0.0,
    33.31,
    -127.79,
    17.57,
    -5.62,
    7.29
  ],
  "pose_index": 17,
  "timestamp": "2025-07-28_14-35-17"
}