{
  "R_base2ee": [
    [
      -0.07541009440747294,
      -0.9913323522121896,
      0.10758013347687924
    ],
    [
      -0.9890681340472786,
      0.08807245724331772,
      0.11826862850037036
    ],
    [
      -0.12671836439005463,
      -0.09748543343787884,
      -0.9871367921386266
    ]
  ],
  "t_base2ee": [
    [
      84.6
    ],
    [
      -59.6
    ],
    [
      186.0
    ]
  ],
  "angles": [
    -0.61,
    51.76,
    -123.48,
    -9.93,
    8.17,
    4.13
  ],
  "pose_index": 18,
  "timestamp": "2025-07-28_14-35-24"
}