{
  "R_base2ee": [
    [
      -0.1366887257667333,
      -0.9877536261337811,
      0.07522610124041519
    ],
    [
      -0.977542154851511,
      0.12219968036403998,
      -0.17169325440211955
    ],
    [
      0.16039802909179174,
      -0.09700521727460268,
      -0.9822741267512729
    ]
  ],
  "t_base2ee": [
    [
      83.1
    ],
    [
      -73.8
    ],
    [
      184.1
    ]
  ],
  "angles": [
    0.0,
    51.67,
    -123.48,
    -11.07,
    -11.68,
    7.2
  ],
  "pose_index": 19,
  "timestamp": "2025-07-28_14-35-31"
}