{
  "R_base2ee": [
    [
      -0.16084045072539718,
      -0.9782406276297203,
      0.13105580439286924
    ],
    [
      -0.9694581224014297,
      0.1316763485504079,
      -0.206911305013346
    ],
    [
      0.18515209510115055,
      -0.16033282161504675,
      -0.9695422053694269
    ]
  ],
  "t_base2ee": [
    [
      85.3
    ],
    [
      -75.5
    ],
    [
      189.0
    ]
  ],
  "angles": [
    0.0,
    51.67,
    -123.48,
    -6.5,
    -11.68,
    7.47
  ],
  "pose_index": 20,
  "timestamp": "2025-07-28_14-35-39"
}