{
  "R_base2ee": [
    [
      -0.12840007583727842,
      -0.9730431447673356,
      0.19157363844296274
    ],
    [
      -0.9623138079903318,
      0.07555195528849484,
      -0.26123559673833097
    ],
    [
      0.23971974360934012,
      -0.21789662795320888,
      -0.94607373076864
    ]
  ],
  "t_base2ee": [
    [
      87.5
    ],
    [
      -78.1
    ],
    [
      194.9
    ]
  ],
  "angles": [
    0.0,
    51.67,
    -123.66,
    -3.95,
    -14.5,
    3.6
  ],
  "pose_index": 21,
  "timestamp": "2025-07-28_14-35-46"
}