{
  "R_base2ee": [
    [
      -0.13552833722158805,
      -0.9838491033265981,
      0.11693165394109632
    ],
    [
      -0.9893809900847746,
      0.12813700150216156,
      -0.06860149637512389
    ],
    [
      0.05251024917882802,
      -0.12498740228312545,
      -0.9907677946934355
    ]
  ],
  "t_base2ee": [
    [
      93.6
    ],
    [
      -68.9
    ],
    [
      297.1
    ]
  ],
  "angles": [
    0.0,
    -1.14,
    -4.92,
    -76.81,
    -3.07,
    6.06
  ],
  "pose_index": 22,
  "timestamp": "2025-07-28_14-35-53"
}