{
  "R_base2ee": [
    [
      -0.11596458254310019,
      -0.9771516445752083,
      0.17812040618517108
    ],
    [
      -0.9931425605900176,
      0.11139355594927998,
      -0.03548704041869503
    ],
    [
      0.014834754474138404,
      -0.1810141961199189,
      -0.9833685935918187
    ]
  ],
  "t_base2ee": [
    [
      68.3
    ],
    [
      -66.9
    ],
    [
      277.5
    ]
  ],
  "angles": [
    0.0,
    30.84,
    -56.51,
    -51.59,
    -1.49,
    5.44
  ],
  "pose_index": 23,
  "timestamp": "2025-07-28_14-36-01"
}