{
  "R_base2ee": [
    [
      -0.12582438371517593,
      -0.9732216172972292,
      -0.19237439561454564
    ],
    [
      -0.9904412550589259,
      0.1342831536645697,
      -0.03153022231442694
    ],
    [
      0.056518534482024534,
      0.18656826704255766,
      -0.9808149351395201
    ]
  ],
  "t_base2ee": [
    [
      50.1
    ],
    [
      -66.8
    ],
    [
      250.5
    ]
  ],
  "angles": [
    0.0,
    30.76,
    -56.51,
    -48.33,
    -2.46,
    7.73
  ],
  "pose_index": 24,
  "timestamp": "2025-07-28_14-36-08"
}