{
  "rvec": [
    [
      0.024526775417090006
    ],
    [
      0.15398494006938798
    ],
    [
      -0.06507926152051405
    ]
  ],
  "tvec": [
    [
      0.016111705085665038
    ],
    [
      -0.16929262754353094
    ],
    [
      0.36359903637081087
    ]
  ],
  "pose_index": 0,
  "timestamp": "2025-07-28_10-48-38"
}