{
  "rvec": [
    [
      0.02754487787964911
    ],
    [
      0.00042362392136694534
    ],
    [
      -0.000727757027274542
    ]
  ],
  "tvec": [
    [
      0.019336015131816982
    ],
    [
      -0.06832726093135678
    ],
    [
      0.34529367551367535
    ]
  ],
  "pose_index": 1,
  "timestamp": "2025-07-28_10-48-46"
}