{
  "rvec": [
    [
      0.03336833977591143
    ],
    [
      -0.004571260152189976
    ],
    [
      -0.05302510980932546
    ]
  ],
  "tvec": [
    [
      -0.008350904587832835
    ],
    [
      -0.09851447496558857
    ],
    [
      0.2894752434930227
    ]
  ],
  "pose_index": 2,
  "timestamp": "2025-07-28_10-48-53"
}