{
  "rvec": [
    [
      0.14155684493944293
    ],
    [
      0.09821951846118754
    ],
    [
      0.025648981953095566
    ]
  ],
  "tvec": [
    [
      0.04448261905952298
    ],
    [
      -0.07017872810485479
    ],
    [
      0.177377497400211
    ]
  ],
  "pose_index": 4,
  "timestamp": "2025-07-28_10-49-15"
}