{
  "rvec": [
    [
      0.1397629484282694
    ],
    [
      -0.01768314240716647
    ],
    [
      0.43537785835804393
    ]
  ],
  "tvec": [
    [
      0.021160514826018488
    ],
    [
      -0.0679746896738926
    ],
    [
      0.1836498857092262
    ]
  ],
  "pose_index": 5,
  "timestamp": "2025-07-28_10-49-23"
}