{
  "rvec": [
    [
      0.6352699253290166
    ],
    [
      0.15421877109988233
    ],
    [
      -0.2077133037576311
    ]
  ],
  "tvec": [
    [
      0.01804507052293605
    ],
    [
      -0.06859956678301053
    ],
    [
      0.18416398969342487
    ]
  ],
  "pose_index": 6,
  "timestamp": "2025-07-28_10-49-30"
}