{
  "rvec": [
    [
      0.1107846632334372
    ],
    [
      0.16279904707747997
    ],
    [
      -0.15455989799264955
    ]
  ],
  "tvec": [
    [
      0.024704732945965525
    ],
    [
      -0.0687878051458905
    ],
    [
      0.18521592067577033
    ]
  ],
  "pose_index": 7,
  "timestamp": "2025-07-28_10-49-38"
}