{
  "rvec": [
    [
      0.5990807034950653
    ],
    [
      -0.051300089685918496
    ],
    [
      0.4766164601970125
    ]
  ],
  "tvec": [
    [
      0.024435908222673976
    ],
    [
      -0.0790008610539281
    ],
    [
      0.22882718780169203
    ]
  ],
  "pose_index": 8,
  "timestamp": "2025-07-28_10-49-45"
}