{
  "rvec": [
    [
      0.11210620708527
    ],
    [
      0.21826296149468288
    ],
    [
      0.024357791693622562
    ]
  ],
  "tvec": [
    [
      0.04286651169318325
    ],
    [
      -0.12112743550336634
    ],
    [
      0.28324408216369523
    ]
  ],
  "pose_index": 9,
  "timestamp": "2025-07-28_10-49-52"
}