{
  "rvec": [
    [
      0.5752115057062496
    ],
    [
      -0.038056415741312785
    ],
    [
      -0.0522917655741217
    ]
  ],
  "tvec": [
    [
      0.006688143661526642
    ],
    [
      -0.07530049148562579
    ],
    [
      0.29728569597941734
    ]
  ],
  "pose_index": 10,
  "timestamp": "2025-07-28_10-50-00"
}