{
  "rvec": [
    [
      0.23421780356277
    ],
    [
      -0.11986935895252988
    ],
    [
      -0.02767690167104686
    ]
  ],
  "tvec": [
    [
      0.019803332335235853
    ],
    [
      -0.11157811059710138
    ],
    [
      0.31908943727490496
    ]
  ],
  "pose_index": 11,
  "timestamp": "2025-07-28_10-50-07"
}