{
  "rvec": [
    [
      -0.0403116857065443
    ],
    [
      0.12262246119973737
    ],
    [
      0.018131294435932296
    ]
  ],
  "tvec": [
    [
      -0.06260719507155255
    ],
    [
      -0.038388155867265655
    ],
    [
      0.3225413762125772
    ]
  ],
  "pose_index": 12,
  "timestamp": "2025-07-28_10-50-14"
}