{
  "rvec": [
    [
      -0.022893869040960666
    ],
    [
      -0.005545283332019559
    ],
    [
      -0.0005114868614339715
    ]
  ],
  "tvec": [
    [
      -0.02533276663659254
    ],
    [
      0.040665629868589875
    ],
    [
      0.34570235251339626
    ]
  ],
  "pose_index": 13,
  "timestamp": "2025-07-28_10-50-22"
}