{
  "rvec": [
    [
      0.1514615315528943
    ],
    [
      0.15797150041090904
    ],
    [
      0.005300810494000582
    ]
  ],
  "tvec": [
    [
      0.014264372368230412
    ],
    [
      -0.049831901170942494
    ],
    [
      0.19708368497451728
    ]
  ],
  "pose_index": 16,
  "timestamp": "2025-07-28_10-51-22"
}