{
  "rvec": [
    [
      0.2510521424591994
    ],
    [
      0.3901498911750461
    ],
    [
      -0.059692344639778065
    ]
  ],
  "tvec": [
    [
      0.09251818501455977
    ],
    [
      -0.018054641656322146
    ],
    [
      0.1724519349984945
    ]
  ],
  "pose_index": 17,
  "timestamp": "2025-07-28_10-51-29"
}