{
  "rvec": [
    [
      0.09428288546847434
    ],
    [
      0.020147322424067596
    ],
    [
      0.005625836162912476
    ]
  ],
  "tvec": [
    [
      -0.053753736875722755
    ],
    [
      -0.020924996399548083
    ],
    [
      0.19076467541683673
    ]
  ],
  "pose_index": 18,
  "timestamp": "2025-07-28_10-51-37"
}