{
  "rvec": [
    [
      -0.12125533653380696
    ],
    [
      -0.8870895019988501
    ],
    [
      -0.06908365801198123
    ]
  ],
  "tvec": [
    [
      -0.09990126700766755
    ],
    [
      -0.00644034683107252
    ],
    [
      0.18341003914070012
    ]
  ],
  "pose_index": 19,
  "timestamp": "2025-07-28_10-51-44"
}