{
  "rvec": [
    [
      0.227848808435851
    ],
    [
      -0.16373382119938557
    ],
    [
      0.012774556553760417
    ]
  ],
  "tvec": [
    [
      -0.11989112140875491
    ],
    [
      -0.07720202781289928
    ],
    [
      0.16656942346373171
    ]
  ],
  "pose_index": 20,
  "timestamp": "2025-07-28_10-51-51"
}