{
  "rvec": [
    [
      0.07246870140219455
    ],
    [
      -0.13873382366278048
    ],
    [
      -0.15040792635678996
    ]
  ],
  "tvec": [
    [
      -0.13292630935750097
    ],
    [
      -0.06851507247892132
    ],
    [
      0.19766044027585433
    ]
  ],
  "pose_index": 21,
  "timestamp": "2025-07-28_10-51-59"
}