{
  "rvec": [
    [
      0.042111038580751534
    ],
    [
      -0.09911342756359455
    ],
    [
      -0.12952569697858293
    ]
  ],
  "tvec": [
    [
      -0.13998207095722268
    ],
    [
      -0.04863040519212852
    ],
    [
      0.19527673393127265
    ]
  ],
  "pose_index": 22,
  "timestamp": "2025-07-28_10-52-06"
}