{
  "R_base2ee": [
    [
      -0.16418563622734983,
      -0.9803267413372763,
      0.109556182279492
    ],
    [
      -0.9864219854838796,
      0.16360095556782303,
      -0.014366415396190265
    ],
    [
      -0.0038397149192426145,
      -0.11042738589830023,
      -0.9938767775901632
    ]
  ],
  "t_base2ee": [
    [
      79.2
    ],
    [
      -61.5
    ],
    [
      243.0
    ]
  ],
  "angles": [
    3.51,
    40.42,
    -84.55,
    -39.02,
    -2.19,
    12.74
  ],
  "pose_index": 0,
  "timestamp": "2025-07-28_09-19-09"
}