{
  "R_base2ee": [
    [
      -0.16905504799515278,
      -0.983719742978943,
      0.06095783805876723
    ],
    [
      -0.9848722888596199,
      0.16621869817114088,
      -0.048968551282478595
    ],
    [
      0.038038998196195516,
      -0.06831406628018465,
      -0.9969384248610825
    ]
  ],
  "t_base2ee": [
    [
      68.9
    ],
    [
      -63.6
    ],
    [
      293.0
    ]
  ],
  "angles": [
    3.51,
    4.74,
    -2.28,
    -88.68,
    -2.19,
    12.74
  ],
  "pose_index": 1,
  "timestamp": "2025-07-28_09-19-16"
}