{
  "R_base2ee": [
    [
      -0.0685378679934257,
      -0.9905689451115354,
      0.11864116330993946
    ],
    [
      -0.982601650187237,
      0.0876012426331214,
      0.16376818780963381
    ],
    [
      -0.17261679437480656,
      -0.10535268041086078,
      -0.9793386824944743
    ]
  ],
  "t_base2ee": [
    [
      75.0
    ],
    [
      -56.3
    ],
    [
      251.7
    ]
  ],
  "angles": [
    0.17,
    38.4,
    -78.39,
    -40.51,
    10.63,
    5.0
  ],
  "pose_index": 2,
  "timestamp": "2025-07-28_09-19-24"
}