{
  "R_base2ee": [
    [
      -0.13383901314881713,
      -0.9881884231988326,
      0.07463751613736776
    ],
    [
      -0.9732583971784333,
      0.11688054684365105,
      -0.1977549748835564
    ],
    [
      0.18669550310871894,
      -0.09910892000891829,
      -0.9774058579186274
    ]
  ],
  "t_base2ee": [
    [
      73.2
    ],
    [
      -73.9
    ],
    [
      248.4
    ]
  ],
  "angles": [
    0.17,
    38.75,
    -78.31,
    -45.0,
    -13.18,
    7.91
  ],
  "pose_index": 3,
  "timestamp": "2025-07-28_09-19-31"
}