{
  "R_base2ee": [
    [
      -0.17817513966502282,
      -0.9710988529852618,
      0.15881006685994012
    ],
    [
      -0.9833609951843074,
      0.1815352795223549,
      0.006789362184255196
    ],
    [
      -0.03542277170801484,
      -0.15495792983726103,
      -0.9872858082769509
    ]
  ],
  "t_base2ee": [
    [
      76.5
    ],
    [
      -63.9
    ],
    [
      254.1
    ]
  ],
  "angles": [
    0.17,
    38.4,
    -78.31,
    -38.05,
    1.14,
    10.1
  ],
  "pose_index": 4,
  "timestamp": "2025-07-28_09-19-38"
}