{
  "R_base2ee": [
    [
      -0.17244436393423618,
      -0.9848154744722162,
      -0.020035533119447554
    ],
    [
      -0.9850162287281216,
      0.17235770104574713,
      0.005987656674666929
    ],
    [
      -0.0024434585213449363,
      0.020767862920595133,
      -0.9997813387837192
    ]
  ],
  "t_base2ee": [
    [
      68.8
    ],
    [
      -64.0
    ],
    [
      240.4
    ]
  ],
  "angles": [
    0.17,
    38.32,
    -78.39,
    -50.53,
    -0.08,
    9.93
  ],
  "pose_index": 5,
  "timestamp": "2025-07-28_09-19-46"
}