{
  "R_base2ee": [
    [
      -0.5081204214536519,
      -0.8584205929300331,
      0.07019774166889922
    ],
    [
      -0.8612418271774536,
      0.5072297331901024,
      -0.03131314241558559
    ],
    [
      -0.008726535498373935,
      -0.07636807841989922,
      -0.9970415057441931
    ]
  ],
  "t_base2ee": [
    [
      71.4
    ],
    [
      -66.6
    ],
    [
      247.1
    ]
  ],
  "angles": [
    -0.43,
    38.84,
    -78.31,
    -43.59,
    -2.9,
    30.76
  ],
  "pose_index": 6,
  "timestamp": "2025-07-28_09-19-53"
}