{
  "R_base2ee": [
    [
      0.174088040663208,
      -0.9827229148282981,
      0.06284128236612432
    ],
    [
      -0.9842883665707205,
      -0.17556648884783627,
      -0.018783488152776435
    ],
    [
      0.029491787527855154,
      -0.0585839625240245,
      -0.9978467586776014
    ]
  ],
  "t_base2ee": [
    [
      71.1
    ],
    [
      -66.0
    ],
    [
      246.5
    ]
  ],
  "angles": [
    -0.43,
    38.93,
    -78.31,
    -45.96,
    0.43,
    -11.33
  ],
  "pose_index": 7,
  "timestamp": "2025-07-28_09-20-01"
}