{
  "R_base2ee": [
    [
      0.12260310162189932,
      -0.9924488440927715,
      0.003710974482800256
    ],
    [
      -0.9517942778465203,
      -0.11863849281098778,
      -0.2828649159619451
    ],
    [
      0.2811692233003308,
      0.031148031758988625,
      -0.9591525780532677
    ]
  ],
  "t_base2ee": [
    [
      68.4
    ],
    [
      -78.8
    ],
    [
      244.3
    ]
  ],
  "angles": [
    0.08,
    38.93,
    -78.39,
    -48.77,
    -18.1,
    -7.03
  ],
  "pose_index": 8,
  "timestamp": "2025-07-28_09-20-08"
}