{
  "R_base2ee": [
    [
      -0.4023537660974386,
      -0.9154291345096052,
      0.010047218431134314
    ],
    [
      -0.9049762989613669,
      0.3993696144894726,
      0.1467031333704796
    ],
    [
      -0.13830887616271895,
      0.04993406365924293,
      -0.9891295385646313
    ]
  ],
  "t_base2ee": [
    [
      68.7
    ],
    [
      -58.0
    ],
    [
      243.0
    ]
  ],
  "angles": [
    -0.26,
    38.93,
    -78.31,
    -47.19,
    9.93,
    22.58
  ],
  "pose_index": 9,
  "timestamp": "2025-07-28_09-20-15"
}