{
  "R_base2ee": [
    [
      -0.19680313196605984,
      -0.9169846292877741,
      0.34699815114538146
    ],
    [
      -0.9786792146745589,
      0.204953774656768,
      -0.013451580499387168
    ],
    [
      -0.05878368831860044,
      -0.3422471912286588,
      -0.9377693416207183
    ]
  ],
  "t_base2ee": [
    [
      80.5
    ],
    [
      -65.7
    ],
    [
      270.2
    ]
  ],
  "angles": [
    0.17,
    38.32,
    -78.31,
    -27.86,
    -1.84,
    10.89
  ],
  "pose_index": 10,
  "timestamp": "2025-07-28_09-20-23"
}