{
  "R_base2ee": [
    [
      -0.16573143241528562,
      -0.9349938766364326,
      0.31355947276705387
    ],
    [
      -0.9466714180445523,
      0.23992324915722213,
      0.21505827296655625
    ],
    [
      -0.27630837585403367,
      -0.26119587509418424,
      -0.9248948028109409
    ]
  ],
  "t_base2ee": [
    [
      79.6
    ],
    [
      -54.6
    ],
    [
      268.9
    ]
  ],
  "angles": [
    0.08,
    38.32,
    -78.39,
    -31.2,
    13.71,
    14.06
  ],
  "pose_index": 11,
  "timestamp": "2025-07-28_09-20-30"
}