{
  "R_base2ee": [
    [
      -0.12983245103542232,
      -0.9911509726999995,
      -0.02762759442983391
    ],
    [
      -0.991523904322301,
      0.12991779411679935,
      -0.0013091712208203599
    ],
    [
      0.0048869024540245404,
      0.027223447387677832,
      -0.9996174278676493
    ]
  ],
  "t_base2ee": [
    [
      66.8
    ],
    [
      -65.2
    ],
    [
      239.8
    ]
  ],
  "angles": [
    0.17,
    38.32,
    -78.39,
    -50.8,
    -1.4,
    6.85
  ],
  "pose_index": 12,
  "timestamp": "2025-07-28_09-20-38"
}