{
  "R_base2ee": [
    [
      -0.11222486181956318,
      -0.9931824526814178,
      -0.03153087495302439
    ],
    [
      -0.9774008483262255,
      0.11605108236739743,
      -0.17669105232730425
    ],
    [
      0.1791456448835823,
      0.01098917499536925,
      -0.983761188476231
    ]
  ],
  "t_base2ee": [
    [
      66.6
    ],
    [
      -73.7
    ],
    [
      240.4
    ]
  ],
  "angles": [
    0.17,
    38.32,
    -78.39,
    -50.09,
    -10.37,
    7.29
  ],
  "pose_index": 13,
  "timestamp": "2025-07-28_09-20-45"
}