{
  "R_base2ee": [
    [
      -0.3302316802250148,
      -0.9205032224541672,
      0.20885606246230434
    ],
    [
      -0.9361788264660574,
      0.34765555929696296,
      0.05200785485435401
    ],
    [
      -0.12048336919425529,
      -0.17835198216282966,
      -0.9765625060415696
    ]
  ],
  "t_base2ee": [
    [
      96.1
    ],
    [
      -62.7
    ],
    [
      281.0
    ]
  ],
  "angles": [
    -0.35,
    21.44,
    -54.14,
    -42.8,
    4.3,
    19.24
  ],
  "pose_index": 14,
  "timestamp": "2025-07-28_09-20-52"
}