{
  "R_base2ee": [
    [
      0.012017062579078296,
      -0.972923085717021,
      0.23081650609486465
    ],
    [
      -0.9835610149874051,
      -0.05309469502900672,
      -0.17259398354728978
    ],
    [
      0.18017580304778963,
      -0.22494804430945145,
      -0.957567259965292
    ]
  ],
  "t_base2ee": [
    [
      104.7
    ],
    [
      -73.7
    ],
    [
      288.7
    ]
  ],
  "angles": [
    0.17,
    15.99,
    -46.84,
    -43.41,
    -10.81,
    -3.95
  ],
  "pose_index": 15,
  "timestamp": "2025-07-28_09-21-00"
}