{
  "R_base2ee": [
    [
      -0.01940050232731975,
      -0.9996049708273821,
      0.020335260181176706
    ],
    [
      -0.9664501151727777,
      0.013539026500052101,
      -0.2564973092333632
    ],
    [
      0.2561206656870397,
      -0.024629191188899745,
      -0.9663310030985285
    ]
  ],
  "t_base2ee": [
    [
      95.9
    ],
    [
      -77.8
    ],
    [
      273.2
    ]
  ],
  "angles": [
    0.17,
    15.99,
    -46.84,
    -54.93,
    -16.17,
    -0.17
  ],
  "pose_index": 17,
  "timestamp": "2025-07-28_09-21-20"
}