{
  "R_base2ee": [
    [
      -0.14532835767074873,
      -0.988081437654659,
      0.05074190594592632
    ],
    [
      -0.9889386140800679,
      0.1466096450917844,
      0.022495100521123516
    ],
    [
      -0.029666244085110757,
      -0.04691145412757224,
      -0.9984584264923199
    ]
  ],
  "t_base2ee": [
    [
      72.8
    ],
    [
      -64.0
    ],
    [
      292.7
    ]
  ],
  "angles": [
    0.17,
    1.58,
    -0.35,
    -87.89,
    -0.26,
    7.2
  ],
  "pose_index": 19,
  "timestamp": "2025-07-28_09-21-41"
}