{
  "R_base2ee": [
    [
      -0.6902158433588883,
      -0.7225081295389263,
      0.03980065736317196
    ],
    [
      -0.7232798787147865,
      0.6905076626649225,
      -0.008086089744072295
    ],
    [
      -0.021640393312097737,
      -0.034368161882584305,
      -0.9991749210354062
    ]
  ],
  "t_base2ee": [
    [
      63.2
    ],
    [
      -65.4
    ],
    [
      258.7
    ]
  ],
  "angles": [
    0.17,
    34.71,
    -65.12,
    -55.1,
    -1.4,
    43.85
  ],
  "pose_index": 20,
  "timestamp": "2025-07-28_09-21-48"
}