{
  "R_base2ee": [
    [
      0.4047213079854324,
      -0.9124967442583048,
      0.05958485193868097
    ],
    [
      -0.913305542228423,
      -0.4066049781076153,
      -0.02335333622744339
    ],
    [
      0.04553734069318449,
      -0.04496758272466285,
      -0.9979500323696039
    ]
  ],
  "t_base2ee": [
    [
      63.3
    ],
    [
      -66.2
    ],
    [
      260.2
    ]
  ],
  "angles": [
    0.08,
    35.24,
    -65.12,
    -54.58,
    -0.26,
    -25.22
  ],
  "pose_index": 21,
  "timestamp": "2025-07-28_09-21-56"
}