{
  "R_base2ee": [
    [
      -0.21192785380340715,
      -0.9748537974560229,
      0.06889599674765876
    ],
    [
      -0.9481107162631883,
      0.22218645061401918,
      0.22741866869377267
    ],
    [
      -0.23700770976739471,
      -0.0171246824529897,
      -0.9713568297807448
    ]
  ],
  "t_base2ee": [
    [
      63.1
    ],
    [
      -54.0
    ],
    [
      262.2
    ]
  ],
  "angles": [
    -0.43,
    34.71,
    -65.12,
    -47.28,
    16.78,
    12.21
  ],
  "pose_index": 23,
  "timestamp": "2025-07-28_09-22-15"
}