{
  "R_base2ee": [
    [
      -0.2161287582574928,
      -0.9210602381791707,
      0.32393887926490655
    ],
    [
      -0.97408923770754,
      0.2260503120926655,
      -0.007170312765305809
    ],
    [
      -0.06662219477334869,
      -0.317095086761271,
      -0.94605083854698
    ]
  ],
  "t_base2ee": [
    [
      71.8
    ],
    [
      -65.3
    ],
    [
      282.0
    ]
  ],
  "angles": [
    0.17,
    34.71,
    -65.12,
    -39.02,
    -1.14,
    12.74
  ],
  "pose_index": 24,
  "timestamp": "2025-07-28_09-22-22"
}