{
  "R_base2ee": [
    [
      -0.09773690794004894,
      -0.9898920644026338,
      0.1027676878158218
    ],
    [
      -0.9950098966259286,
      0.09511222069648297,
      -0.030149147428113615
    ],
    [
      0.020069938783589036,
      -0.10520155087675906,
      -0.9942483750302776
    ]
  ],
  "t_base2ee": [
    [
      74.7
    ],
    [
      -62.7
    ],
    [
      296.5
    ]
  ],
  "angles": [
    2.81,
    3.25,
    -3.33,
    -84.11,
    -2.02,
    8.17
  ],
  "pose_index": 0,
  "timestamp": "2025-07-28_20-49-38"
}