{
  "R_base2ee": [
    [
      -0.08996350835682607,
      -0.9810447764046003,
      0.17163249649579565
    ],
    [
      -0.994300231095113,
      0.07857104252654089,
      -0.0720669252882168
    ],
    [
      0.057215536424438135,
      -0.17713762436461805,
      -0.9825215745346885
    ]
  ],
  "t_base2ee": [
    [
      79.6
    ],
    [
      -64.3
    ],
    [
      249.9
    ]
  ],
  "angles": [
    3.07,
    39.72,
    -83.49,
    -36.65,
    -4.65,
    7.55
  ],
  "pose_index": 1,
  "timestamp": "2025-07-28_20-50-09"
}