{
  "R_base2ee": [
    [
      -0.10640893941197513,
      -0.982623925653462,
      0.15207681725561684
    ],
    [
      -0.9940515060269495,
      0.10155810006574367,
      -0.039338984183502734
    ],
    [
      0.02321079444508715,
      -0.1553582088092421,
      -0.9875854828706282
    ]
  ],
  "t_base2ee": [
    [
      70.7
    ],
    [
      -63.2
    ],
    [
      209.4
    ]
  ],
  "angles": [
    3.07,
    56.07,
    -112.06,
    -25.48,
    -2.72,
    8.87
  ],
  "pose_index": 2,
  "timestamp": "2025-07-28_20-50-23"
}