{
  "R_base2ee": [
    [
      -0.09090238118226772,
      -0.9901032249491024,
      0.10692221958405392
    ],
    [
      -0.9950008679063055,
      0.08584062511406225,
      -0.05103586920711525
    ],
    [
      0.04135250852236719,
      -0.11102698332123578,
      -0.9929566853662317
    ]
  ],
  "t_base2ee": [
    [
      113.5
    ],
    [
      -61.3
    ],
    [
      161.6
    ]
  ],
  "angles": [
    3.07,
    33.83,
    -136.23,
    18.8,
    -3.25,
    7.82
  ],
  "pose_index": 3,
  "timestamp": "2025-07-28_20-50-35"
}