{
  "R_base2ee": [
    [
      -0.1058381945357747,
      -0.9889457137172395,
      0.10384917860872596
    ],
    [
      -0.993635361852012,
      0.10113023219964652,
      -0.04961293997
    ],
    [
      0.03856221278179919,
      -0.10843916015695221,
      -0.9933548732904198
    ]
  ],
  "t_base2ee": [
    [
      131.4
    ],
    [
      -60.3
    ],
    [
      111.7
    ]
  ],
  "angles": [
    3.07,
    -6.5,
    -150.29,
    72.68,
    -3.16,
    8.78
  ],
  "pose_index": 4,
  "timestamp": "2025-07-28_20-50-47"
}