{
  "R_base2ee": [
    [
      -0.11611502836540798,
      -0.9831207811557343,
      0.1413889311347925
    ],
    [
      -0.992926581058173,
      0.11134508425123044,
      -0.04121985979129061
    ],
    [
      0.02478113830774858,
      -0.14517507318002285,
      -0.989095593616384
    ]
  ],
  "t_base2ee": [
    [
      100.8
    ],
    [
      -68.6
    ],
    [
      185.9
    ]
  ],
  "angles": [
    -1.23,
    41.13,
    -125.59,
    2.9,
    -2.19,
    5.0
  ],
  "pose_index": 5,
  "timestamp": "2025-07-28_20-51-34"
}