{
  "R_base2ee": [
    [
      -0.273763319851455,
      -0.9521389016581684,
      0.13596012890949585
    ],
    [
      -0.9616906123774198,
      0.2688808394167525,
      -0.053425277347768106
    ],
    [
      0.014311211306291812,
      -0.14537746092059575,
      -0.989272754647184
    ]
  ],
  "t_base2ee": [
    [
      99.1
    ],
    [
      -70.2
    ],
    [
      185.7
    ]
  ],
  "angles": [
    -1.84,
    41.57,
    -125.59,
    1.84,
    -2.54,
    13.88
  ],
  "pose_index": 6,
  "timestamp": "2025-07-28_20-51-54"
}