{
  "R_base2ee": [
    [
      -0.3734779512662632,
      -0.9204142723079047,
      0.11554993401064662
    ],
    [
      -0.9257856941802851,
      0.3619587147129224,
      -0.10911799711549365
    ],
    [
      0.05860945631109649,
      -0.14772764187950518,
      -0.9872899652359677
    ]
  ],
  "t_base2ee": [
    [
      98.4
    ],
    [
      -72.8
    ],
    [
      184.5
    ]
  ],
  "angles": [
    -1.58,
    41.22,
    -125.59,
    0.79,
    -6.06,
    19.42
  ],
  "pose_index": 7,
  "timestamp": "2025-07-28_20-52-07"
}