{
  "R_base2ee": [
    [
      -0.0003490630308446494,
      -0.9924823159796423,
      0.1223876244670424
    ],
    [
      -0.9999918819570737,
      -0.00014485803775251603,
      -0.0040267898006761125
    ],
    [
      0.004014246498463718,
      -0.12238803652250574,
      -0.992474208401012
    ]
  ],
  "t_base2ee": [
    [
      100.0
    ],
    [
      -66.8
    ],
    [
      184.3
    ]
  ],
  "angles": [
    -1.23,
    41.13,
    -125.59,
    1.66,
    -0.08,
    -1.23
  ],
  "pose_index": 8,
  "timestamp": "2025-07-28_20-52-20"
}