{
  "R_base2ee": [
    [
      0.19453891668180162,
      -0.9698041075115803,
      0.147087059083857
    ],
    [
      -0.9806965352961343,
      -0.19531523590171054,
      0.00928785673969561
    ],
    [
      0.019720942026916453,
      -0.1460546188188725,
      -0.9890799425563359
    ]
  ],
  "t_base2ee": [
    [
      101.0
    ],
    [
      -66.2
    ],
    [
      186.1
    ]
  ],
  "angles": [
    -1.23,
    41.13,
    -125.68,
    2.9,
    0.7,
    -12.39
  ],
  "pose_index": 9,
  "timestamp": "2025-07-28_20-52-31"
}