{
  "R_base2ee": [
    [
      -0.11239598951914496,
      -0.9897195010859675,
      0.08844461945282894
    ],
    [
      -0.9911004592311069,
      0.10527223536458957,
      -0.08147168939718516
    ],
    [
      0.07132335698704324,
      -0.09681459410381232,
      -0.9927436290989798
    ]
  ],
  "t_base2ee": [
    [
      94.2
    ],
    [
      -70.5
    ],
    [
      229.7
    ]
  ],
  "angles": [
    -1.23,
    35.15,
    -93.86,
    -26.1,
    -4.57,
    4.65
  ],
  "pose_index": 10,
  "timestamp": "2025-07-28_20-52-50"
}