{
  "R_base2ee": [
    [
      -0.14773066037844976,
      -0.9745057889749252,
      0.16886124255881088
    ],
    [
      -0.9873101383984163,
      0.13525124319534615,
      -0.08322134239372334
    ],
    [
      0.05826098694535769,
      -0.17901276063027396,
      -0.9821202008571461
    ]
  ],
  "t_base2ee": [
    [
      97.4
    ],
    [
      -70.6
    ],
    [
      235.9
    ]
  ],
  "angles": [
    -1.23,
    35.15,
    -93.95,
    -22.32,
    -4.57,
    6.24
  ],
  "pose_index": 11,
  "timestamp": "2025-07-28_20-53-05"
}