{
  "R_base2ee": [
    [
      -0.1520940669859016,
      -0.9639737531422023,
      0.21822465039638508
    ],
    [
      -0.9870252293362493,
      0.13664247762908566,
      -0.08432099359655128
    ],
    [
      0.051464467756044054,
      -0.22821795845270643,
      -0.9722489249149447
    ]
  ],
  "t_base2ee": [
    [
      99.1
    ],
    [
      -70.6
    ],
    [
      240.1
    ]
  ],
  "angles": [
    -1.23,
    35.15,
    -93.95,
    -18.36,
    -4.57,
    6.76
  ],
  "pose_index": 12,
  "timestamp": "2025-07-28_20-53-15"
}