{
  "R_base2ee": [
    [
      -0.1487111785417596,
      -0.9419932144501423,
      0.30088830038173503
    ],
    [
      -0.9879713195224935,
      0.12848401103064502,
      -0.08604958286046469
    ],
    [
      0.042398787455584105,
      -0.3100655460372297,
      -0.9497692877656819
    ]
  ],
  "t_base2ee": [
    [
      101.4
    ],
    [
      -70.6
    ],
    [
      247.2
    ]
  ],
  "angles": [
    -1.23,
    35.15,
    -93.95,
    -13.53,
    -4.57,
    6.06
  ],
  "pose_index": 13,
  "timestamp": "2025-07-28_20-53-26"
}