{
  "R_base2ee": [
    [
      -0.1118029645072485,
      -0.9862011858166241,
      0.12209552907979666
    ],
    [
      -0.9905029551317859,
      0.12048987053325749,
      0.06622753939320344
    ],
    [
      -0.08002495237480871,
      -0.11353154712573675,
      -0.9903063136245502
    ]
  ],
  "t_base2ee": [
    [
      95.7
    ],
    [
      -63.3
    ],
    [
      231.9
    ]
  ],
  "angles": [
    -1.23,
    35.15,
    -93.95,
    -24.25,
    3.95,
    5.71
  ],
  "pose_index": 14,
  "timestamp": "2025-07-28_20-53-38"
}