{
  "R_base2ee": [
    [
      -0.1121939872788853,
      -0.9869778977076836,
      0.1152698514572932
    ],
    [
      -0.9786391251230078,
      0.12986012361487237,
      0.1593794562457911
    ],
    [
      -0.17227295782257673,
      -0.09492616989666854,
      -0.9804647113852746
    ]
  ],
  "t_base2ee": [
    [
      95.4
    ],
    [
      -58.8
    ],
    [
      231.8
    ]
  ],
  "angles": [
    -1.23,
    35.15,
    -93.95,
    -24.78,
    9.14,
    6.24
  ],
  "pose_index": 15,
  "timestamp": "2025-07-28_20-53-50"
}