{
  "R_base2ee": [
    [
      -0.11966605308842647,
      -0.9866229641881883,
      0.11070303642967855
    ],
    [
      -0.9648550900169391,
      0.14184659011365142,
      0.22121075955191216
    ],
    [
      -0.23395446353220542,
      -0.08034096968323573,
      -0.9689224105075263
    ]
  ],
  "t_base2ee": [
    [
      95.2
    ],
    [
      -55.8
    ],
    [
      232.0
    ]
  ],
  "angles": [
    -1.23,
    35.15,
    -93.95,
    -24.96,
    12.91,
    7.03
  ],
  "pose_index": 16,
  "timestamp": "2025-07-28_20-54-03"
}