{
  "R_base2ee": [
    [
      -0.11394157379277539,
      -0.985373476971505,
      0.12671396388209274
    ],
    [
      -0.9877880667960479,
      0.09872042408044708,
      -0.12053635536510642
    ],
    [
      0.1062640713362332,
      -0.13890064344870207,
      -0.9845885223749993
    ]
  ],
  "t_base2ee": [
    [
      95.8
    ],
    [
      -72.4
    ],
    [
      232.8
    ]
  ],
  "angles": [
    -1.23,
    35.15,
    -93.95,
    -23.55,
    -6.76,
    4.48
  ],
  "pose_index": 17,
  "timestamp": "2025-07-28_20-54-21"
}