{
  "R_base2ee": [
    [
      -0.13394544423074053,
      -0.9824521062320367,
      0.12979397878971305
    ],
    [
      -0.9702678847346639,
      0.10337174682406643,
      -0.2188481524049548
    ],
    [
      0.2015907979604991,
      -0.15524864224454918,
      -0.9670879015161308
    ]
  ],
  "t_base2ee": [
    [
      95.9
    ],
    [
      -77.2
    ],
    [
      234.2
    ]
  ],
  "angles": [
    -1.23,
    35.15,
    -93.95,
    -23.29,
    -12.48,
    4.83
  ],
  "pose_index": 18,
  "timestamp": "2025-07-28_20-54-31"
}