{
  "R_base2ee": [
    [
      -0.24137381320722096,
      -0.9395415750841288,
      0.24289979618402294
    ],
    [
      -0.9659425865803896,
      0.2085603140781764,
      -0.15315846310928818
    ],
    [
      0.0932394858855002,
      -0.2715956996714909,
      -0.9578842175293216
    ]
  ],
  "t_base2ee": [
    [
      80.8
    ],
    [
      -87.1
    ],
    [
      215.5
    ]
  ],
  "angles": [
    -11.33,
    44.56,
    -114.78,
    -3.77,
    -5.88,
    1.31
  ],
  "pose_index": 19,
  "timestamp": "2025-07-28_20-54-59"
}