{
  "R_base2ee": [
    [
      -0.22825782694728602,
      -0.9688379647647295,
      0.09618400318056847
    ],
    [
      -0.9640952483215193,
      0.2111524168511016,
      -0.16104350040224139
    ],
    [
      0.13571557243430438,
      -0.12948997987672795,
      -0.9822492700482671
    ]
  ],
  "t_base2ee": [
    [
      76.7
    ],
    [
      -87.1
    ],
    [
      203.8
    ]
  ],
  "angles": [
    -10.63,
    44.56,
    -114.78,
    -12.65,
    -8.08,
    1.58
  ],
  "pose_index": 20,
  "timestamp": "2025-07-28_20-55-08"
}