{
  "R_base2ee": [
    [
      -0.14744215789381176,
      -0.9747483154702211,
      0.16770966449069818
    ],
    [
      -0.9889197562255002,
      0.1423228665799365,
      -0.04221276341779651
    ],
    [
      0.01727789982936457,
      -0.17207534145378253,
      -0.9849322570822069
    ]
  ],
  "t_base2ee": [
    [
      79.7
    ],
    [
      -81.2
    ],
    [
      207.1
    ]
  ],
  "angles": [
    -10.63,
    44.56,
    -114.78,
    -9.66,
    -0.61,
    -2.19
  ],
  "pose_index": 21,
  "timestamp": "2025-07-28_20-55-14"
}