{
  "R_base2ee": [
    [
      -0.08072067516388294,
      -0.9865002336333277,
      0.14248319775495172
    ],
    [
      -0.975569261280067,
      0.10749887418800368,
      0.19159490727515666
    ],
    [
      -0.2043252041392618,
      -0.12353655770540777,
      -0.9710766858820922
    ]
  ],
  "t_base2ee": [
    [
      79.1
    ],
    [
      -70.0
    ],
    [
      203.0
    ]
  ],
  "angles": [
    -10.63,
    44.56,
    -114.78,
    -13.44,
    13.27,
    -4.83
  ],
  "pose_index": 22,
  "timestamp": "2025-07-28_20-55-41"
}