{
  "R_base2ee": [
    [
      -0.10680457934898008,
      -0.9626732836401364,
      0.24870249455042628
    ],
    [
      -0.9752256524070358,
      0.15016242464485055,
      0.16243821321367385
    ],
    [
      -0.19372069769995875,
      -0.22519190747071036,
      -0.9548617156909917
    ]
  ],
  "t_base2ee": [
    [
      82.9
    ],
    [
      -71.1
    ],
    [
      211.9
    ]
  ],
  "angles": [
    -10.63,
    44.56,
    -114.78,
    -7.03,
    12.3,
    -1.75
  ],
  "pose_index": 23,
  "timestamp": "2025-07-28_20-56-02"
}