{
  "R_base2ee": [
    [
      -0.25776537692725515,
      -0.9637650832843455,
      0.06865766307899382
    ],
    [
      -0.9487341992073506,
      0.23901117482889217,
      -0.2068262013413678
    ],
    [
      0.18292192244763159,
      -0.11845050674788732,
      -0.9759657000833746
    ]
  ],
  "t_base2ee": [
    [
      105.0
    ],
    [
      -67.0
    ],
    [
      227.1
    ]
  ],
  "angles": [
    4.39,
    32.87,
    -93.77,
    -26.19,
    -12.21,
    18.36
  ],
  "pose_index": 24,
  "timestamp": "2025-07-28_20-56-27"
}