{
  "rvec": [
    [
      0.08645142881284673
    ],
    [
      0.0024392382276285656
    ],
    [
      0.0019016116174559751
    ]
  ],
  "tvec": [
    [
      0.12393725117739844
    ],
    [
      -0.15015894234938892
    ],
    [
      0.41793510719881627
    ]
  ],
  "pose_index": 0,
  "timestamp": "2025-07-28_20-49-38",
  "quality_score": 0.4
}