{
  "rvec": [
    [
      0.046043480710660216
    ],
    [
      -0.10333879955417939
    ],
    [
      0.037293870484007195
    ]
  ],
  "tvec": [
    [
      0.09987117252753538
    ],
    [
      0.035164582851388265
    ],
    [
      0.37246767316011464
    ]
  ],
  "pose_index": 1,
  "timestamp": "2025-07-28_20-50-09",
  "quality_score": 0.4
}