{
  "rvec": [
    [
      -0.3294240750151168
    ],
    [
      0.47640071557482383
    ],
    [
      0.026230399500639517
    ]
  ],
  "tvec": [
    [
      0.08429500422536118
    ],
    [
      0.03667005149088622
    ],
    [
      0.32684937245151335
    ]
  ],
  "pose_index": 2,
  "timestamp": "2025-07-28_20-50-23",
  "quality_score": 0.4
}