{
  "rvec": [
    [
      -2.5517729383617217e-13
    ],
    [
      -2.7389796626592423e-13
    ],
    [
      0.03702011587392977
    ]
  ],
  "tvec": [
    [
      0.10845301697471262
    ],
    [
      -0.09855258230858102
    ],
    [
      0.27076980963824154
    ]
  ],
  "pose_index": 3,
  "timestamp": "2025-07-28_20-50-35",
  "quality_score": 0.4
}