{
  "rvec": [
    [
      0.036128332034193
    ],
    [
      -0.0038497851328388607
    ],
    [
      -0.0021479968764858953
    ]
  ],
  "tvec": [
    [
      0.10118318822672277
    ],
    [
      -0.08370777336612356
    ],
    [
      0.21176653966738213
    ]
  ],
  "pose_index": 4,
  "timestamp": "2025-07-28_20-50-47",
  "quality_score": 0.4
}