{
  "rvec": [
    [
      -0.12023272163506717
    ],
    [
      -0.07728187055278472
    ],
    [
      0.025571228657911532
    ]
  ],
  "tvec": [
    [
      0.050566063370897904
    ],
    [
      0.04056631925958293
    ],
    [
      0.3005924101774524
    ]
  ],
  "pose_index": 5,
  "timestamp": "2025-07-28_20-51-34",
  "quality_score": 0.4
}