{
  "rvec": [
    [
      -0.0661075477830701
    ],
    [
      -0.142176513007804
    ],
    [
      -0.1557051377902676
    ]
  ],
  "tvec": [
    [
      0.09464572871689549
    ],
    [
      0.019404513235483988
    ],
    [
      0.2895551023259517
    ]
  ],
  "pose_index": 6,
  "timestamp": "2025-07-28_20-51-54",
  "quality_score": 0.4
}