{
  "rvec": [
    [
      -0.13214852523008153
    ],
    [
      -0.9164959967689431
    ],
    [
      -0.2506426702981159
    ]
  ],
  "tvec": [
    [
      -0.1442272294914265
    ],
    [
      0.040516364784504426
    ],
    [
      0.3003943321209428
    ]
  ],
  "pose_index": 7,
  "timestamp": "2025-07-28_20-52-07",
  "quality_score": 0.4
}