{
  "rvec": [
    [
      0.6296178905237709
    ],
    [
      0.7767507956694617
    ],
    [
      0.14617009170392267
    ]
  ],
  "tvec": [
    [
      0.13885117813714085
    ],
    [
      -0.09880718684417097
    ],
    [
      0.2888724978616409
    ]
  ],
  "pose_index": 8,
  "timestamp": "2025-07-28_20-52-20",
  "quality_score": 0.4
}