{
  "rvec": [
    [
      -2.7105729271146064e-11
    ],
    [
      -4.9079546859094155e-11
    ],
    [
      0.3217505543966416
    ]
  ],
  "tvec": [
    [
      0.16824262796287184
    ],
    [
      -0.06023127340890823
    ],
    [
      0.2891822834485671
    ]
  ],
  "pose_index": 9,
  "timestamp": "2025-07-28_20-52-31",
  "quality_score": 0.4
}