{
  "rvec": [
    [
      0.5785150718920198
    ],
    [
      0.6078389996488465
    ],
    [
      0.06589062762407759
    ]
  ],
  "tvec": [
    [
      0.09809305980048612
    ],
    [
      -0.13126735157610905
    ],
    [
      0.3398177714070257
    ]
  ],
  "pose_index": 10,
  "timestamp": "2025-07-28_20-52-50",
  "quality_score": 0.4
}