{
  "rvec": [
    [
      -0.014935184612654613
    ],
    [
      -0.01336354706014447
    ],
    [
      -0.02251187741682319
    ]
  ],
  "tvec": [
    [
      0.09647823748007375
    ],
    [
      -0.009419224393418564
    ],
    [
      0.356015019908163
    ]
  ],
  "pose_index": 11,
  "timestamp": "2025-07-28_20-53-05",
  "quality_score": 0.4
}