{
  "rvec": [
    [
      0.09718447593076389
    ],
    [
      -0.018202596133920838
    ],
    [
      -0.04427013148375828
    ]
  ],
  "tvec": [
    [
      0.07185077678966291
    ],
    [
      0.09145401472396089
    ],
    [
      0.35491053551994584
    ]
  ],
  "pose_index": 12,
  "timestamp": "2025-07-28_20-53-15",
  "quality_score": 0.4
}