{
  "rvec": [
    [
      2.3510708445593743e-11
    ],
    [
      -3.997947771423802e-12
    ],
    [
      7.071418960248413e-16
    ]
  ],
  "tvec": [
    [
      0.02156195117161157
    ],
    [
      0.12696280689877698
    ],
    [
      0.36578986987591444
    ]
  ],
  "pose_index": 13,
  "timestamp": "2025-07-28_20-53-26",
  "quality_score": 0.4
}