{
  "rvec": [
    [
      0.14762863889067496
    ],
    [
      0.09484126227402295
    ],
    [
      -0.017858844657075244
    ]
  ],
  "tvec": [
    [
      0.15800467982163202
    ],
    [
      -0.11818416874271079
    ],
    [
      0.3311430480826666
    ]
  ],
  "pose_index": 14,
  "timestamp": "2025-07-28_20-53-38",
  "quality_score": 0.4
}