{
  "rvec": [
    [
      0.5288219546829249
    ],
    [
      0.8941801222017999
    ],
    [
      0.01002075758299131
    ]
  ],
  "tvec": [
    [
      0.19096043817628972
    ],
    [
      -0.12125364267949885
    ],
    [
      0.31204771674771664
    ]
  ],
  "pose_index": 15,
  "timestamp": "2025-07-28_20-53-50",
  "quality_score": 0.4
}