{
  "rvec": [
    [
      0.5937913914503741
    ],
    [
      0.9515187253194269
    ],
    [
      -0.03126820442217322
    ]
  ],
  "tvec": [
    [
      0.20857348120198405
    ],
    [
      -0.12095636782982087
    ],
    [
      0.286520065569747
    ]
  ],
  "pose_index": 16,
  "timestamp": "2025-07-28_20-54-03",
  "quality_score": 0.4
}