{
  "rvec": [
    [
      0.3523469555447073
    ],
    [
      -0.5685354209411903
    ],
    [
      0.04031320254048295
    ]
  ],
  "tvec": [
    [
      -0.12171495474745685
    ],
    [
      -0.06953253927821018
    ],
    [
      0.3497873528705208
    ]
  ],
  "pose_index": 17,
  "timestamp": "2025-07-28_20-54-21",
  "quality_score": 0.4
}