{
  "rvec": [
    [
      0.5757253553558248
    ],
    [
      -0.9836418040759092
    ],
    [
      0.08204315693019258
    ]
  ],
  "tvec": [
    [
      -0.21341207161012007
    ],
    [
      -0.11442123547881392
    ],
    [
      0.33048962636854257
    ]
  ],
  "pose_index": 18,
  "timestamp": "2025-07-28_20-54-31",
  "quality_score": 0.4
}