{
  "rvec": [
    [
      -0.3761734323533439
    ],
    [
      -0.8229989099904269
    ],
    [
      -0.0661477779345738
    ]
  ],
  "tvec": [
    [
      -0.17393713799523788
    ],
    [
      0.11495410806670231
    ],
    [
      0.3365267517507789
    ]
  ],
  "pose_index": 19,
  "timestamp": "2025-07-28_20-54-59",
  "quality_score": 0.4
}