{
  "rvec": [
    [
      0.6828462640406973
    ],
    [
      -1.105617918732604
    ],
    [
      -0.0791959451524218
    ]
  ],
  "tvec": [
    [
      -0.220325274931063
    ],
    [
      -0.11551839207934465
    ],
    [
      0.3050349915603867
    ]
  ],
  "pose_index": 20,
  "timestamp": "2025-07-28_20-55-08",
  "quality_score": 0.4
}