{
  "rvec": [
    [
      0.12773356445779108
    ],
    [
      0.0774839049948776
    ],
    [
      -0.0637240764801233
    ]
  ],
  "tvec": [
    [
      0.06304119317954217
    ],
    [
      0.0574813390363699
    ],
    [
      0.32164962578711137
    ]
  ],
  "pose_index": 21,
  "timestamp": "2025-07-28_20-55-14",
  "quality_score": 0.4
}