{
  "rvec": [
    [
      0.16943664265953226
    ],
    [
      0.8484836846075016
    ],
    [
      -0.00985535258257308
    ]
  ],
  "tvec": [
    [
      0.1869327479324059
    ],
    [
      -0.014483780288743205
    ],
    [
      0.2854805176689886
    ]
  ],
  "pose_index": 22,
  "timestamp": "2025-07-28_20-55-41",
  "quality_score": 0.4
}