{
  "rvec": [
    [
      -0.1548183300365965
    ],
    [
      0.16640435777161564
    ],
    [
      0.015733465561067205
    ]
  ],
  "tvec": [
    [
      0.17183237807303023
    ],
    [
      0.06477029538419825
    ],
    [
      0.2987118472284343
    ]
  ],
  "pose_index": 23,
  "timestamp": "2025-07-28_20-56-02",
  "quality_score": 0.4
}