{
  "rvec": [
    [
      0.5642430748886252
    ],
    [
      -1.0626396080009823
    ],
    [
      -0.14650062880739273
    ]
  ],
  "tvec": [
    [
      -0.2214480181114406
    ],
    [
      -0.0982361414933907
    ],
    [
      0.30858035384668037
    ]
  ],
  "pose_index": 24,
  "timestamp": "2025-07-28_20-56-27",
  "quality_score": 0.4
}